genotype_clean	species_group	n_runs	n_bioprojects	map_median	map_q1	map_q3	decoy_median	genes_median	genes_q1	genes_q3	depth_median_M
R570	R570 (reference genotype)	66	31	86.66	84.07	87.55	5.99	118366	116927	142933	10.89
F36-819	Saccharum hybrid cultivar (non-R570)	37	2	86.62	86.15	86.71	5.68	108272	107822	110719	9.5
GL05-136	Saccharum hybrid cultivar (non-R570)	12	1	84.68	82.15	86.17	8.02	126928	126362.75	127801	23.42
Zhongzhe No.2	Saccharum hybrid cultivar (non-R570)	42	2	84.58	84.01	85.23	7.49	126388	121295.5	127446.75	19.36
Zhongzhe No.9	Saccharum hybrid cultivar (non-R570)	42	2	84.58	83.67	85.03	7.45	125912	120468	128204.25	19.67
ZZ9	Saccharum hybrid cultivar (non-R570)	30	1	84.42	83.36	85.05	7.27	127290	124977	128213	18.43
RB975375	Saccharum hybrid cultivar (non-R570)	24	1	82.54	77.08	83.79	8.02	116827	108508.5	120104.25	16.19
Xintaitang 22	Saccharum hybrid cultivar (non-R570)	78	1	81.93	80.32	83.9	9.29	114590	113276.5	116723.75	19.13
GT86-887	Saccharum hybrid cultivar (non-R570)	22	2	81.6	80.36	82.35	8.77	116706	115208	118787.75	24.34
FN15	Saccharum hybrid cultivar (non-R570)	18	2	80.49	71.08	82.67	11.38	113902	111483.75	116453.75	22
ZZ1	Saccharum hybrid cultivar (non-R570)	16	2	80.31	79.05	82.42	8.62	132250	130165.75	133575.75	26.5
IACSP96-7569	Saccharum hybrid cultivar (non-R570)	12	1	80.3	79.37	80.59	9.46	109813	108293.75	111542	20.22
GT11	Saccharum hybrid cultivar (non-R570)	11	2	77.35	76.74	80.88	8.7	118589	118079.5	119728	21.06
RB937570	Saccharum hybrid cultivar (non-R570)	24	1	76.99	63.47	81.69	11.26	123562	120402.5	125184	38.18
SP80-3280	Saccharum hybrid cultivar (non-R570)	138	11	76.68	68.77	85.1	7.42	112787	108843.25	118885	13.03
C416	Saccharum hybrid cultivar (non-R570)	25	1	74.86	70.1	76.37	7.17	114979	111791	118095	18
C424	Saccharum hybrid cultivar (non-R570)	24	1	72.99	70.51	75.41	7.17	115254	110994	118205.75	17.84
C429	Saccharum hybrid cultivar (non-R570)	24	1	72.75	68.5	76.34	7.49	116053	111937.25	118391.5	18.44
C402	Saccharum hybrid cultivar (non-R570)	24	1	72.55	69.81	75.02	7.68	116189	112715	119069	17.63
C411	Saccharum hybrid cultivar (non-R570)	23	1	72.51	69.69	74.47	7.24	114014	111132	117471.5	18.19
C419	Saccharum hybrid cultivar (non-R570)	24	1	72.37	68.95	75.08	7.6	114851	113161.5	117079	17.48
C414	Saccharum hybrid cultivar (non-R570)	24	1	72.3	68.6	76.07	7.33	113640	111683.75	116436.5	17.13
C418	Saccharum hybrid cultivar (non-R570)	24	1	72.15	69.26	75.9	7.3	114791	110007.25	118099.75	17.45
Xuezhe	Saccharum hybrid cultivar (non-R570)	12	1	71.92	58.72	76.99	7.76	102538	101027	103720	15.3
Q237	Saccharum hybrid cultivar (non-R570)	18	2	67.9	64.91	71.5	13.27	106192	104888.25	109138.5	23.65
Q124	Saccharum hybrid cultivar (non-R570)	15	1	67.74	61.69	68.96	13.27	109268	106092	110734	23.38
Q151	Saccharum hybrid cultivar (non-R570)	18	2	66.82	64.62	68.63	11.29	106286	104974.5	109470.75	23.48
Vertix2	Saccharum hybrid cultivar (non-R570)	14	1	66.59	62.51	70.98	11.86	67478	54668.75	108730	12.7
Q155	Saccharum hybrid cultivar (non-R570)	18	2	64.71	54.06	66.22	13.72	106304	105597	108516.25	22.91
KQB09-20432	Saccharum hybrid cultivar (non-R570)	19	2	63.82	56.06	69.76	14.67	106069	102922.5	109884	22.96
SRA8	Saccharum hybrid cultivar (non-R570)	18	2	63.71	62.45	68.09	12.54	108042	106741.25	110697.5	23.21
KQ236	Saccharum hybrid cultivar (non-R570)	18	2	63.69	61.73	67.94	13.06	106410	103623.75	108155.75	21.54
SRA1	Saccharum hybrid cultivar (non-R570)	15	1	63.5	54.99	66.06	13.7	107323	105826	110751.5	19.49
MQ239	Saccharum hybrid cultivar (non-R570)	18	2	63.15	53.46	67.87	13.47	112844	111059.75	117346.75	21.07
SRA2	Saccharum hybrid cultivar (non-R570)	18	2	62.79	51.8	71.62	14.23	105314	102923.75	106982	23.61
Q135	Saccharum hybrid cultivar (non-R570)	18	2	62.24	60.93	67.04	12.75	106212	104402.25	109337	22.26
Q157	Saccharum hybrid cultivar (non-R570)	15	1	61.66	49.83	66.09	14.29	108043	106591.5	110893.5	22.2
Q253	Saccharum hybrid cultivar (non-R570)	15	1	61.6	55.14	66.05	14.77	107662	105750	109364.5	21.77
SRA3	Saccharum hybrid cultivar (non-R570)	15	1	60.85	50.86	66.78	15.08	107201	104751	109492.5	21.42
Q241	Saccharum hybrid cultivar (non-R570)	19	2	59.89	51.46	68.51	15.31	104788	100886.5	107773	20.23
QN05-1743	Saccharum hybrid cultivar (non-R570)	19	2	59.84	50.43	66.07	14.05	104963	97711	107740	21.22
Q186	Saccharum hybrid cultivar (non-R570)	15	1	59.58	53.5	63.02	14.37	106006	103871	109825	20.46
Q138	Saccharum hybrid cultivar (non-R570)	18	2	59.07	55.49	68.38	14.73	108163	104278.25	110219.5	20.75
SRA5	Saccharum hybrid cultivar (non-R570)	18	2	58.6	55.44	64.54	14.43	106108	105458.25	109371.5	20.03
Q238	Saccharum hybrid cultivar (non-R570)	15	1	57.53	50.57	64.73	16	107060	99811	109187.5	18.34
Q240	Saccharum hybrid cultivar (non-R570)	165	2	55.32	47.56	58.71	15.26	84728	80924	89096	3.21
KK3	Saccharum hybrid cultivar (non-R570)	12	1	54.48	51.13	58.27	20.99	129606	122203.25	135846.75	30.61
CP88-1762	Saccharum hybrid cultivar (non-R570)	30	1	49.32	46.91	50.83	21.95	122308	121303	123306.75	32.52
Co 86032	Saccharum hybrid cultivar (non-R570)	20	3	44.13	41.06	55.2	13.19	111548	101361.25	114287	18.5
Q200	Saccharum hybrid cultivar (non-R570)	52	3	40.99	31.7	57.24	14.35	91306	67617.5	107681.75	16.71
KQ228	Saccharum hybrid cultivar (non-R570)	129	4	35.53	30.92	52.03	17.8	101981	68686	109395	10.94
Q208	Saccharum hybrid cultivar (non-R570)	65	4	35.14	32.05	57	17.15	76369	64397	104293	15.01
GT49	Saccharum officinarum	10	1	85.8	85.08	86.77	7.59	120487	118357.25	123444.25	27.52
B22	Saccharum officinarum	21	2	85.26	84.07	85.61	8.44	124407	123832	125168	17.5
B42	Saccharum officinarum	21	2	84.43	83.74	84.82	8.63	123776	122196	124606	16.88
GT55	Saccharum officinarum	10	1	83.94	83.69	84.33	7.98	125580	125076.75	126803	29.01
MEX 69-290	Saccharum officinarum	16	1	82.5	80.49	83.7	9.36	114556	109713	120278.5	8.96
LA-Purple	Saccharum officinarum	173	4	81.79	79.84	83.3	8.75	99189	96508	103226	12.39
Yuetang 91-976	Saccharum officinarum	20	2	81.51	78.43	83.1	8.76	116460	112205.25	118066	17.22
FN41	Saccharum officinarum	45	3	80.92	80.1	82.65	8.79	117864	116781	120661	23.44
ZZ6	Saccharum officinarum	11	2	80.51	79.55	81.12	9.08	118698	117859.5	120535	24.27
Fuguo 1	Saccharum officinarum	15	1	78.66	74.43	80.18	11.19	99126	95712	100839	17.44
S-115	Saccharum officinarum	30	1	78.65	71.25	81.52	9.74	123371	117451.5	126445.75	30.56
Yunzhe05-51	Saccharum officinarum	20	1	75.15	73.61	76.58	8.28	110944	109444.75	113143.5	16.01
CTC4	Saccharum officinarum	14	1	63.99	58.08	70.82	13.77	81044	43584.5	100218.5	11.7
IN84-58	Saccharum spontaneum	61	3	84.97	74.95	85.71	5.93	101421	99772	106007	10.68
SES-208	Saccharum spontaneum	12	1	84.84	82.72	86.29	6.85	101914	99312.25	103565.75	23.99
GX87-16	Saccharum spontaneum	12	1	82.21	81.97	82.45	8.76	104036	100555.5	104891.5	31.82
GX83-10	Saccharum spontaneum	15	2	79.09	78.71	83.14	9.26	106016	104791	108292.5	25.17
GT31	Saccharum spontaneum	27	1	78.71	74.77	79.37	8.29	128839	125570.5	130981	28.29
F172	Saccharum spontaneum	28	2	78.02	75.07	79.36	9.22	128216	123222.75	131115	27.61
GZ18	Saccharum spontaneum	27	1	78.02	75.47	79.46	8.79	127136	125308	129597.5	25.88
Bethuadahari	Tripidium arundinaceum (outgroup)	12	1	42.2	39.44	42.79	10.12	85571	85184	87598.5	19.24
