sra_id,libType
ERR4165194,ISR
ERR4165230,ISR
ERR4677071,ISR
ERR4677072,ISR
ERR4677073,ISR
ERR4677074,ISR
ERR4677075,ISR
ERR4677076,ISR
ERR4677077,ISR
ERR4677078,ISR
ERR4677079,ISR
ERR4677080,ISR
ERR4677081,ISR
ERR4677082,ISR
ERR4677083,ISR
ERR4677084,ISR
ERR4677085,ISR
ERR4677086,ISR
ERR4677087,ISR
ERR4677088,ISR
ERR4677089,ISR
ERR4677090,ISR
ERR4677091,ISR
ERR4677092,ISR
ERR4677093,ISR
ERR4677094,ISR
ERR4677095,ISR
ERR4677096,ISR
ERR4677097,ISR
ERR4677098,ISR
ERR4677099,ISR
ERR4677100,ISR
ERR4677101,ISR
ERR4677102,ISR
ERR4677103,ISR
ERR4677104,ISR
ERR4677105,ISR
ERR4677106,ISR
ERR4677107,ISR
ERR4677108,ISR
ERR4677109,ISR
ERR4677110,ISR
ERR4677111,ISR
ERR4677112,ISR
ERR4677113,ISR
ERR4677114,ISR
ERR4677115,ISR
ERR4677116,ISR
ERR4677117,ISR
ERR4677118,ISR
ERR4677119,ISR
ERR4677120,ISR
ERR4677121,ISR
ERR4677122,ISR
ERR4677123,ISR
ERR4677124,ISR
ERR4677125,ISR
ERR4677126,ISR
ERR4677127,ISR
ERR4677128,ISR
ERR4677129,ISR
ERR4677130,ISR
ERR4677131,ISR
ERR4677132,ISR
ERR4677133,ISR
ERR4677134,ISR
ERR4677135,ISR
ERR4677136,ISR
ERR4677137,ISR
ERR4677138,ISR
ERR4677139,ISR
ERR4677140,ISR
ERR4677141,ISR
ERR4677142,ISR
ERR4677143,ISR
ERR4677144,ISR
ERR4677145,ISR
ERR4677146,ISR
ERR4677147,ISR
ERR4677148,ISR
ERR4677149,ISR
ERR4677150,ISR
ERR4677151,ISR
ERR4677152,ISR
ERR4677153,ISR
ERR4677154,ISR
ERR4677155,ISR
ERR4677156,ISR
ERR4677157,ISR
ERR4677158,ISR
ERR4677159,ISR
ERR4677160,ISR
ERR4677161,ISR
ERR4677162,ISR
ERR4677163,ISR
ERR4677164,ISR
ERR4677165,ISR
ERR4677166,ISR
ERR4677167,ISR
ERR4677168,ISR
ERR4677169,ISR
ERR4677170,ISR
ERR4677171,ISR
ERR4677172,ISR
ERR4677173,ISR
ERR4677174,ISR
ERR4677175,ISR
ERR4677176,ISR
ERR4677177,ISR
ERR4677178,ISR
ERR4677179,ISR
ERR4677180,ISR
ERR4677181,ISR
ERR4677182,ISR
ERR4677183,ISR
ERR4677184,ISR
ERR4677185,ISR
ERR4677186,ISR
ERR4677187,ISR
ERR4677188,ISR
ERR4677189,ISR
ERR4677190,ISR
ERR4677191,ISR
ERR4677192,ISR
ERR4677193,ISR
ERR4677194,ISR
ERR4677195,ISR
ERR4677196,ISR
ERR4677197,ISR
ERR4677198,ISR
ERR4677199,ISR
ERR4677200,ISR
ERR4677201,ISR
ERR4677202,ISR
ERR4677203,ISR
ERR4677204,ISR
ERR4677205,ISR
ERR4677206,ISR
ERR4677207,ISR
ERR4677208,ISR
ERR4677209,ISR
ERR4677210,ISR
ERR4677211,ISR
ERR4677212,ISR
ERR4677213,ISR
ERR4677214,ISR
ERR4882149,ISR
ERR4882150,ISR
ERR4882151,ISR
ERR4882152,ISR
ERR4882153,ISR
ERR4882154,ISR
ERR4882155,ISR
ERR4882156,ISR
ERR4882157,ISR
ERR4882158,ISR
ERR4882159,ISR
ERR4882160,ISR
ERR4882161,ISR
ERR4882162,ISR
ERR4882163,ISR
ERR4882164,ISR
ERR4882165,ISR
ERR4882166,ISR
ERR4882167,ISR
ERR4882168,ISR
ERR4882169,ISR
ERR4882170,ISR
ERR4882171,ISR
ERR4882172,ISR
ERR4882173,ISR
ERR4882174,ISR
ERR4882175,ISR
ERR4882176,ISR
ERR4882177,ISR
ERR4882178,ISR
ERR4882179,ISR
ERR4882180,ISR
ERR4882181,ISR
ERR4882182,ISR
ERR4882183,ISR
ERR4882184,ISR
ERR5718906,ISR
ERR5718907,ISR
ERR5718908,ISR
ERR5718909,ISR
ERR5718910,ISR
ERR5718911,ISR
ERR5718912,ISR
ERR5718913,ISR
ERR5718914,ISR
ERR5718915,ISR
ERR5718916,ISR
ERR5718917,ISR
ERR5880619,ISR
ERR5880620,ISR
ERR5880736,ISR
ERR5881329,ISR
ERR5881408,ISR
ERR5881478,ISR
ERR5881556,ISR
ERR5881560,ISR
ERR5881566,ISR
ERR5881604,ISR
ERR5881616,ISR
ERR5881618,ISR
ERR5881663,ISR
ERR5881673,ISR
ERR5881730,ISR
ERR5881735,ISR
ERR5881766,ISR
ERR5881779,ISR
ERR5881808,ISR
ERR5881820,ISR
ERR5881831,ISR
ERR5881901,ISR
ERR5881912,ISR
ERR5881975,ISR
ERR5881976,ISR
ERR5881977,ISR
ERR5881979,ISR
ERR5881980,ISR
ERR5881983,ISR
ERR5881985,ISR
ERR5881986,ISR
ERR5882008,ISR
ERR5882032,ISR
ERR5882378,ISR
ERR5882599,ISR
ERR5882600,ISR
ERR5882603,ISR
ERR5882606,ISR
ERR5882631,ISR
ERR5882632,ISR
ERR5882821,ISR
ERR5882924,ISR
ERR5882927,ISR
ERR5882932,ISR
ERR5882936,ISR
ERR5882938,ISR
ERR5883111,ISR
ERR5883117,ISR
ERR5883134,ISR
ERR5883203,ISR
ERR5883265,ISR
ERR5883268,ISR
ERR5883365,ISR
ERR5883420,ISR
ERR5883595,ISR
ERR5883596,ISR
ERR5883634,ISR
ERR5883673,ISR
ERR5883695,ISR
ERR5883704,ISR
ERR5883771,ISR
ERR5883918,ISR
ERR5883995,ISR
ERR5883996,ISR
ERR5884010,ISR
ERR5884011,ISR
ERR5884013,ISR
ERR5884014,ISR
ERR5884016,ISR
ERR5884017,ISR
ERR5884018,ISR
ERR5884019,ISR
ERR5884028,ISR
ERR5884031,ISR
ERR5884032,ISR
ERR5884037,ISR
ERR5884038,ISR
ERR5884039,ISR
ERR5884044,ISR
ERR5884045,ISR
ERR5884046,ISR
ERR5884047,ISR
ERR5884048,ISR
ERR5884117,ISR
ERR5884118,ISR
ERR5884188,ISR
ERR5884190,ISR
ERR5884419,ISR
ERR5885034,ISR
ERR5885040,ISR
ERR5885373,ISR
ERR5885403,ISR
ERR5885438,ISR
ERR5886249,ISR
ERR5886291,ISR
ERR5886312,ISR
ERR5886322,ISR
ERR5886589,ISR
ERR5886760,ISR
ERR5888697,ISR
ERR5890843,ISR
ERR5890966,ISR
ERR5900056,ISR
ERR5900082,ISR
ERR5900087,ISR
ERR5900339,ISR
ERR5900395,ISR
ERR5902481,ISR
ERR5902492,ISR
ERR5902696,ISR
ERR5902711,ISR
ERR5902760,ISR
ERR5902781,ISR
ERR5902783,ISR
ERR5902818,ISR
ERR5902922,ISR
ERR5902937,ISR
ERR5903071,ISR
ERR5903127,ISR
ERR5903195,ISR
ERR5903230,ISR
ERR5903243,ISR
ERR5905994,ISR
ERR5906385,ISR
ERR5906386,ISR
ERR5906595,ISR
ERR5906596,ISR
ERR5906597,ISR
ERR5906598,ISR
ERR5906599,ISR
ERR5906600,ISR
ERR5906601,ISR
ERR5906602,ISR
ERR5906603,ISR
ERR5906604,ISR
ERR5906605,ISR
ERR5906716,ISR
ERR5908673,ISR
ERR5908732,ISR
ERR5909881,ISR
ERR5914030,ISR
ERR5914043,ISR
ERR5914325,ISR
ERR5914380,ISR
ERR5916888,ISR
ERR5916889,ISR
ERR5916890,ISR
ERR5917041,ISR
ERR5917042,ISR
ERR5917081,ISR
ERR5917082,ISR
ERR5917085,ISR
ERR5918156,ISR
ERR5918393,ISR
ERR5918398,ISR
ERR5918519,ISR
ERR5919258,ISR
ERR5919417,ISR
ERR5919475,ISR
ERR5919572,ISR
ERR5922084,ISR
ERR5922114,ISR
ERR5924504,IU
ERR5924505,IU
ERR5924506,IU
ERR5924507,IU
ERR5924508,IU
ERR5924509,IU
ERR5924510,IU
ERR5924511,IU
ERR5924512,IU
ERR5924513,IU
ERR5927876,ISR
ERR5927878,ISR
ERR5927880,ISR
ERR5927881,ISR
ERR5927882,ISR
ERR5927883,ISR
ERR5934427,ISR
ERR5934461,ISR
ERR5934463,ISR
ERR5935630,ISR
ERR5936009,ISR
ERR5936077,ISR
ERR5936494,ISR
ERR5936526,ISR
ERR5943380,ISR
ERR5943487,ISR
ERR5943506,ISR
ERR5946264,ISR
ERR5947504,ISR
ERR5947505,ISR
ERR5947684,ISR
ERR5947711,ISR
ERR5948272,ISR
ERR5948273,ISR
ERR5948275,ISR
ERR5948277,ISR
ERR5948278,ISR
ERR5948279,ISR
ERR5948280,ISR
ERR5948284,ISR
ERR5948285,ISR
ERR5948286,ISR
ERR5948290,ISR
ERR5948291,ISR
ERR5948293,ISR
ERR5948326,ISR
ERR5948356,ISR
ERR5948388,ISR
ERR5948419,ISR
ERR5948420,ISR
ERR5948456,ISR
ERR5948545,ISR
ERR5948708,ISR
ERR5949402,ISR
ERR5950057,ISR
ERR5950059,ISR
ERR5950343,ISR
ERR5950344,ISR
ERR5950346,ISR
ERR5950347,ISR
ERR5950349,ISR
ERR5950350,ISR
ERR5950587,ISR
ERR5950732,ISR
ERR5950733,ISR
ERR5950735,ISR
ERR5950736,ISR
ERR5950738,ISR
ERR5950790,ISR
ERR5950928,ISR
ERR5950935,ISR
ERR5952368,ISR
ERR5952572,ISR
ERR5952766,ISR
ERR5953116,ISR
ERR5954092,ISR
ERR5954095,ISR
ERR5954098,ISR
ERR5954110,ISR
ERR5954112,ISR
ERR5954113,ISR
ERR5954115,ISR
ERR5954116,ISR
ERR5954117,ISR
ERR5954119,ISR
ERR5954120,ISR
ERR5954121,ISR
ERR5954123,ISR
ERR5954124,ISR
ERR5954125,IU
ERR5954139,ISR
ERR5954180,ISR
ERR5954215,ISR
ERR5954221,ISR
ERR5954238,ISR
ERR5954368,IU
ERR5955369,IU
ERR5956420,ISR
ERR5956516,ISR
ERR5956523,ISR
ERR5956560,ISR
ERR5956571,ISR
ERR5956575,ISR
ERR5956582,ISR
ERR5956586,ISR
ERR5957065,ISR
ERR5957069,ISR
ERR5957070,ISR
ERR5957071,ISR
ERR5957073,ISR
ERR5957074,ISR
ERR5957079,ISR
ERR5957083,ISR
ERR5957085,ISR
ERR5957090,ISR
ERR5957197,ISR
ERR5959253,ISR
ERR5959255,ISR
ERR5959749,ISR
ERR5959763,ISR
ERR5959896,ISR
ERR5960088,ISR
ERR5960089,ISR
ERR5960090,ISR
ERR5960092,ISR
ERR5960112,ISR
ERR5960127,ISR
ERR5960129,ISR
ERR5960150,ISR
ERR5960151,ISR
ERR5969620,ISR
ERR5969621,ISR
ERR5969622,ISR
ERR5969623,ISR
ERR5969624,ISR
ERR5969904,ISR
ERR5970143,ISR
ERR5970264,ISR
ERR5970606,ISR
ERR5974750,ISR
ERR5975231,ISR
ERR5976114,ISR
ERR5976346,ISR
ERR5976520,ISR
ERR5976728,ISR
ERR5976732,ISR
ERR5976733,ISR
ERR5976734,ISR
ERR5976735,ISR
ERR5976736,ISR
ERR5976777,ISR
ERR5976778,ISR
ERR5976779,ISR
ERR5976780,ISR
ERR5976781,ISR
ERR5976782,ISR
ERR5976783,ISR
ERR5976784,ISR
ERR5976785,ISR
ERR5976786,ISR
ERR5976787,ISR
ERR5976802,ISR
ERR5976806,ISR
ERR5977012,ISR
ERR5977022,IU
ERR5978017,ISR
ERR5978018,ISR
ERR5978222,ISR
ERR5978239,ISR
ERR5978457,ISR
ERR5979339,ISR
ERR5979485,IU
ERR5979921,ISR
ERR5981315,ISR
ERR5981340,ISR
ERR5981343,ISR
ERR5981344,ISR
ERR5981704,ISR
ERR5981705,ISR
ERR5981711,ISR
ERR5981712,ISR
ERR5981713,ISR
ERR5981714,ISR
ERR5981715,ISR
ERR5981716,ISR
ERR5986476,ISR
ERR5986477,ISR
ERR5986540,ISR
ERR5986541,ISR
ERR5986543,ISR
ERR5986545,ISR
ERR5986953,ISR
ERR5986954,ISR
ERR5986956,ISR
ERR5986996,ISR
ERR5987083,ISR
ERR5987085,ISR
ERR5987086,ISR
ERR5987167,ISR
ERR5987180,ISR
ERR5987469,ISR
ERR5987646,ISR
ERR5987707,ISR
ERR5987777,ISR
ERR5987787,ISR
ERR5987806,ISR
ERR5988136,ISR
ERR6000314,ISR
ERR655085,IU
ERR655086,IU
ERR655087,IU
SRR10058136,IU
SRR10058137,IU
SRR10058138,IU
SRR10058139,IU
SRR10058140,IU
SRR10058141,IU
SRR10058142,IU
SRR10058143,IU
SRR10058144,IU
SRR10058145,IU
SRR1027648,IU
SRR1027649,IU
SRR10481990,IU
SRR10481991,IU
SRR10481992,IU
SRR10481993,IU
SRR10481994,IU
SRR10481995,IU
SRR10481996,IU
SRR10481997,IU
SRR10481998,IU
SRR10481999,IU
SRR10482000,IU
SRR10482001,IU
SRR10484998,IU
SRR10484999,IU
SRR10485000,IU
SRR10485001,IU
SRR10485002,IU
SRR10485003,IU
SRR10485004,IU
SRR10485005,IU
SRR10485006,IU
SRR10485007,IU
SRR10485008,IU
SRR10485009,IU
SRR10485010,IU
SRR10485011,IU
SRR10485012,IU
SRR10485013,IU
SRR10485014,IU
SRR10485015,IU
SRR10485016,IU
SRR10485017,IU
SRR10485018,IU
SRR10485019,IU
SRR10485020,IU
SRR10485021,IU
SRR10485022,IU
SRR10485023,IU
SRR10485024,IU
SRR10485025,IU
SRR10485026,IU
SRR10485027,IU
SRR10485028,IU
SRR10485029,IU
SRR10485030,IU
SRR10485031,IU
SRR10485032,IU
SRR10485033,IU
SRR10485034,IU
SRR10485035,IU
SRR10485036,IU
SRR10485037,IU
SRR10485038,IU
SRR10485039,IU
SRR10485040,IU
SRR10485041,IU
SRR10485042,IU
SRR10485043,IU
SRR10485044,IU
SRR10485045,IU
SRR10485046,IU
SRR10485047,IU
SRR10485048,IU
SRR10485049,IU
SRR10485050,IU
SRR10485051,IU
SRR10485052,IU
SRR10485053,IU
SRR10485054,IU
SRR10485055,IU
SRR10485056,IU
SRR10485057,IU
SRR10485058,IU
SRR10485059,IU
SRR10485060,IU
SRR10485061,IU
SRR10485062,IU
SRR10485063,IU
SRR10485064,IU
SRR10485065,IU
SRR10485066,IU
SRR10485067,IU
SRR10485068,IU
SRR10485069,IU
SRR10485070,IU
SRR10485071,IU
SRR10485072,IU
SRR10485073,IU
SRR10485074,IU
SRR10485075,IU
SRR10485076,IU
SRR10485077,IU
SRR10485078,IU
SRR10518108,ISR
SRR10518109,ISR
SRR10518110,ISR
SRR10518111,ISR
SRR10518112,ISR
SRR10518113,ISR
SRR10518114,ISR
SRR10518115,ISR
SRR10518116,ISR
SRR10518117,ISR
SRR10559508,ISR
SRR10559509,ISR
SRR10559510,ISR
SRR10559511,ISR
SRR10559512,ISR
SRR10559513,ISR
SRR10559514,ISR
SRR10559515,ISR
SRR10559516,ISR
SRR10559517,ISR
SRR10559518,ISR
SRR10559519,ISR
SRR10559520,ISR
SRR10559521,ISR
SRR10559522,ISR
SRR10559523,ISR
SRR10559524,ISR
SRR10559525,ISR
SRR10559526,ISR
SRR10559527,ISR
SRR10559528,ISR
SRR10559529,ISR
SRR10559530,ISR
SRR10559531,ISR
SRR10559532,ISR
SRR10559533,ISR
SRR10559534,ISR
SRR10559535,ISR
SRR10559536,ISR
SRR10593240,ISR
SRR10593241,ISR
SRR10593242,ISR
SRR10593243,ISR
SRR10593244,ISR
SRR10593245,ISR
SRR10593246,ISR
SRR10807933,IU
SRR10807934,IU
SRR10807935,IU
SRR10807936,IU
SRR10807937,IU
SRR10807938,IU
SRR10807939,IU
SRR10807940,IU
SRR10807941,IU
SRR10807942,IU
SRR10807943,IU
SRR10807944,IU
SRR10807945,IU
SRR10807946,IU
SRR10807947,IU
SRR10807948,IU
SRR10807949,IU
SRR10807950,IU
SRR10807951,IU
SRR10807952,IU
SRR10807953,IU
SRR10807954,IU
SRR10807955,IU
SRR10807956,IU
SRR10810317,IU
SRR10810318,IU
SRR10810319,IU
SRR10810320,IU
SRR10810321,IU
SRR10810322,IU
SRR10810323,IU
SRR10810324,IU
SRR10810325,IU
SRR10810326,IU
SRR10810327,IU
SRR10810328,IU
SRR10874792,IU
SRR10874793,IU
SRR10874794,IU
SRR10874795,IU
SRR10874796,IU
SRR10874797,IU
SRR10874798,IU
SRR10874799,IU
SRR10874800,IU
SRR10874801,IU
SRR10874802,IU
SRR10874803,IU
SRR10874804,IU
SRR10874805,IU
SRR10874806,IU
SRR10874807,IU
SRR10874808,IU
SRR10874809,IU
SRR10917287,IU
SRR10917288,IU
SRR10917289,IU
SRR10917290,IU
SRR10917291,IU
SRR10917292,IU
SRR10917293,IU
SRR10917294,IU
SRR10917295,IU
SRR10917296,IU
SRR10917297,IU
SRR10917298,IU
SRR11089984,ISR
SRR11089985,ISR
SRR11612668,IU
SRR11612669,IU
SRR11612670,IU
SRR11612671,IU
SRR11612672,IU
SRR11612673,IU
SRR11612674,IU
SRR11612675,IU
SRR11612676,IU
SRR11612677,IU
SRR11612678,IU
SRR11612679,IU
SRR11612680,IU
SRR11612681,IU
SRR11612682,IU
SRR11612683,IU
SRR11612684,IU
SRR11612685,IU
SRR11612686,IU
SRR11612687,IU
SRR11612688,IU
SRR11612689,IU
SRR11612690,IU
SRR11612691,IU
SRR11613500,ISR
SRR11613501,ISR
SRR11613502,ISR
SRR11613503,ISR
SRR11613504,ISR
SRR11613505,ISR
SRR11613506,ISR
SRR11613507,ISR
SRR11613508,ISR
SRR11613509,ISR
SRR11613510,ISR
SRR11613511,ISR
SRR11613512,ISR
SRR11613513,ISR
SRR11613514,ISR
SRR11613515,ISR
SRR11613516,ISR
SRR11613517,ISR
SRR11613518,ISR
SRR11613519,ISR
SRR11613520,ISR
SRR11613521,ISR
SRR11613522,ISR
SRR11613523,ISR
SRR11613524,ISR
SRR11613525,ISR
SRR11613526,ISR
SRR11613527,ISR
SRR11613528,ISR
SRR11613529,ISR
SRR11613530,ISR
SRR11613531,ISR
SRR11613532,ISR
SRR11613533,ISR
SRR11613534,ISR
SRR11613535,ISR
SRR11687970,ISR
SRR11687971,ISR
SRR11687972,ISR
SRR11687973,ISR
SRR11687974,ISR
SRR11687975,ISR
SRR11687976,ISR
SRR11687977,ISR
SRR11687978,ISR
SRR11687979,ISR
SRR11687980,ISR
SRR11687981,ISR
SRR11687982,ISR
SRR11687983,ISR
SRR11687984,ISR
SRR11687985,ISR
SRR11687986,ISR
SRR11687987,ISR
SRR11687988,ISR
SRR11687989,ISR
SRR11687990,ISR
SRR11687991,ISR
SRR11687992,ISR
SRR11687993,ISR
SRR11687994,ISR
SRR11687995,ISR
SRR11687996,ISR
SRR11687997,ISR
SRR11687998,ISR
SRR11687999,ISR
SRR11688000,ISR
SRR11688001,ISR
SRR11688002,ISR
SRR11688003,ISR
SRR11688004,ISR
SRR11688005,ISR
SRR11688006,ISR
SRR11688007,ISR
SRR11688008,ISR
SRR11688009,ISR
SRR11688010,ISR
SRR11688011,ISR
SRR11688012,ISR
SRR11688013,ISR
SRR11688014,ISR
SRR11688015,ISR
SRR11688016,ISR
SRR11688017,ISR
SRR11688018,ISR
SRR11688019,ISR
SRR11688020,ISR
SRR11688021,ISR
SRR11688022,ISR
SRR11688023,ISR
SRR11688024,ISR
SRR11688025,ISR
SRR11688026,ISR
SRR11688027,ISR
SRR11688028,ISR
SRR11688029,ISR
SRR11688030,ISR
SRR11688031,ISR
SRR11688032,ISR
SRR11688033,ISR
SRR11688034,ISR
SRR11688035,ISR
SRR11688036,ISR
SRR11688037,ISR
SRR11688038,ISR
SRR11688039,ISR
SRR11688040,ISR
SRR11688041,ISR
SRR11688042,ISR
SRR11688043,ISR
SRR11688044,ISR
SRR11688045,ISR
SRR11688046,ISR
SRR11688047,ISR
SRR11688048,ISR
SRR11688049,ISR
SRR11688050,ISR
SRR11688051,ISR
SRR11688052,ISR
SRR11688053,ISR
SRR11688054,ISR
SRR11688055,ISR
SRR11688056,ISR
SRR11688057,ISR
SRR11688058,ISR
SRR11688059,ISR
SRR11688060,ISR
SRR11688061,ISR
SRR11688062,ISR
SRR11688063,ISR
SRR11688064,ISR
SRR11688065,ISR
SRR11688066,ISR
SRR11688067,ISR
SRR11688068,ISR
SRR11688069,ISR
SRR11688070,ISR
SRR11688071,ISR
SRR11688072,ISR
SRR11688073,ISR
SRR11688074,ISR
SRR11688075,ISR
SRR11688076,ISR
SRR11688077,ISR
SRR11688078,ISR
SRR11688079,ISR
SRR11688080,ISR
SRR11688081,ISR
SRR11688082,ISR
SRR11688083,ISR
SRR11688084,ISR
SRR11688085,ISR
SRR11688086,ISR
SRR11688087,ISR
SRR11688088,ISR
SRR11688089,ISR
SRR11688090,ISR
SRR11688091,ISR
SRR11688092,ISR
SRR11688093,ISR
SRR11688094,ISR
SRR11688095,ISR
SRR11688096,ISR
SRR11688097,ISR
SRR11688098,ISR
SRR11688099,ISR
SRR11688100,ISR
SRR11688101,ISR
SRR11688102,ISR
SRR11688103,ISR
SRR11688104,ISR
SRR11688105,ISR
SRR11688106,ISR
SRR11688107,ISR
SRR11688108,ISR
SRR11688109,ISR
SRR11688110,ISR
SRR11688111,ISR
SRR11688112,ISR
SRR11688113,ISR
SRR11688114,ISR
SRR11688115,ISR
SRR11688116,ISR
SRR11688117,ISR
SRR11688118,ISR
SRR11688119,ISR
SRR11688120,ISR
SRR11688121,ISR
SRR11688122,ISR
SRR11688123,ISR
SRR11688124,ISR
SRR11688125,ISR
SRR11688126,ISR
SRR11688127,ISR
SRR11688128,ISR
SRR11688129,ISR
SRR11688130,ISR
SRR11688131,ISR
SRR11688132,ISR
SRR11688133,ISR
SRR11688134,ISR
SRR11688135,ISR
SRR11688136,ISR
SRR11688137,ISR
SRR11688138,ISR
SRR11688139,ISR
SRR11688140,ISR
SRR11688141,ISR
SRR11688142,ISR
SRR11688143,ISR
SRR11688144,ISR
SRR11688145,ISR
SRR11688146,ISR
SRR11688147,ISR
SRR11688148,ISR
SRR11688149,ISR
SRR11688150,ISR
SRR11688151,ISR
SRR11688152,ISR
SRR11688153,ISR
SRR11688154,ISR
SRR11688155,ISR
SRR11688156,ISR
SRR11688157,ISR
SRR11688158,ISR
SRR11688159,ISR
SRR11688160,ISR
SRR11688161,ISR
SRR11688162,ISR
SRR11688163,ISR
SRR11688164,ISR
SRR11688165,ISR
SRR11688166,ISR
SRR11688167,ISR
SRR11688168,ISR
SRR11688169,ISR
SRR11688170,ISR
SRR11688171,ISR
SRR11688172,ISR
SRR11688173,ISR
SRR11688174,ISR
SRR11688175,ISR
SRR11688176,ISR
SRR11688177,ISR
SRR11688178,ISR
SRR11688179,ISR
SRR11688180,ISR
SRR11688181,ISR
SRR11688182,ISR
SRR11688183,ISR
SRR11688184,ISR
SRR11688185,ISR
SRR11688186,ISR
SRR11688187,ISR
SRR11688188,ISR
SRR11688189,ISR
SRR11688190,ISR
SRR11688191,ISR
SRR11688192,ISR
SRR11688193,ISR
SRR11688194,ISR
SRR11688195,ISR
SRR11688196,ISR
SRR11688197,ISR
SRR11688198,ISR
SRR11688199,ISR
SRR11688200,ISR
SRR11688201,ISR
SRR11688202,ISR
SRR11688203,ISR
SRR11688204,ISR
SRR11688205,ISR
SRR11688206,ISR
SRR11688207,ISR
SRR11688208,ISR
SRR11688209,ISR
SRR11826545,IU
SRR11826546,IU
SRR11826547,IU
SRR11826548,IU
SRR11826549,IU
SRR11826550,IU
SRR11826551,IU
SRR11826552,IU
SRR11826553,IU
SRR11826554,IU
SRR11826555,IU
SRR11826556,IU
SRR11826557,IU
SRR11826558,IU
SRR11826559,IU
SRR11826560,IU
SRR11826561,IU
SRR11826562,IU
SRR11826563,IU
SRR11826564,IU
SRR11826565,IU
SRR11826566,IU
SRR11826567,IU
SRR11826568,IU
SRR11826569,IU
SRR11826570,IU
SRR11826571,IU
SRR11887774,IU
SRR11887775,IU
SRR11887776,IU
SRR11887777,IU
SRR11887778,IU
SRR11887779,IU
SRR11887780,IU
SRR11887781,IU
SRR11887782,IU
SRR11887783,IU
SRR11887784,IU
SRR11887785,IU
SRR1203867,IU
SRR12336840,ISR
SRR12336841,ISR
SRR1239363,ISR
SRR1239364,ISR
SRR12523015,ISR
SRR12523016,ISR
SRR12523017,ISR
SRR12523018,ISR
SRR12523019,ISR
SRR12523020,ISR
SRR12523021,ISR
SRR12523022,ISR
SRR12523023,ISR
SRR12523024,ISR
SRR12523025,ISR
SRR12523026,ISR
SRR12523027,ISR
SRR12523028,ISR
SRR12523029,ISR
SRR12523030,ISR
SRR12523031,ISR
SRR12523032,ISR
SRR12523033,ISR
SRR12523034,ISR
SRR12523035,ISR
SRR12737987,ISR
SRR12772606,IU
SRR12772607,IU
SRR12772608,IU
SRR12772609,IU
SRR12772610,IU
SRR12772611,IU
SRR12772612,IU
SRR12772613,IU
SRR12772614,IU
SRR12772615,IU
SRR12772616,IU
SRR12772617,IU
SRR12772618,IU
SRR12772619,IU
SRR12772620,IU
SRR12772621,IU
SRR12772622,IU
SRR12772623,IU
SRR13178274,IU
SRR13178275,IU
SRR13178276,IU
SRR13178277,IU
SRR13178278,IU
SRR13178279,IU
SRR13178280,IU
SRR13178281,IU
SRR13447971,ISR
SRR13447972,ISR
SRR13447973,ISR
SRR13447974,ISR
SRR13447975,ISR
SRR13447976,ISR
SRR13447977,ISR
SRR13447978,ISR
SRR13447979,ISR
SRR13447980,ISR
SRR13447981,ISR
SRR13447982,ISR
SRR14069284,ISR
SRR14069285,ISR
SRR14169813,IU
SRR14169814,IU
SRR14169815,IU
SRR14169816,IU
SRR14169817,IU
SRR14169818,IU
SRR14169819,IU
SRR14169820,IU
SRR14169821,IU
SRR14169822,IU
SRR14169823,IU
SRR14169824,IU
SRR14171972,IU
SRR14171973,IU
SRR14171974,IU
SRR14171975,IU
SRR14171976,IU
SRR14171977,IU
SRR14171978,IU
SRR14171979,IU
SRR14171980,IU
SRR14171981,IU
SRR14171982,IU
SRR14171983,IU
SRR14171984,IU
SRR14171985,IU
SRR14171986,IU
SRR14171987,IU
SRR14171988,IU
SRR14171989,IU
SRR14292200,IU
SRR14292201,IU
SRR14292202,IU
SRR14292203,IU
SRR14292204,IU
SRR14292205,IU
SRR14292206,IU
SRR14292207,IU
SRR14292208,IU
SRR14292209,IU
SRR14292210,IU
SRR14292211,IU
SRR14292212,IU
SRR14292213,IU
SRR14292214,IU
SRR14292215,IU
SRR14292216,IU
SRR14292217,IU
SRR14307574,IU
SRR14307575,IU
SRR14307576,IU
SRR14307577,IU
SRR14307578,IU
SRR14307579,IU
SRR14307580,IU
SRR14307581,IU
SRR14307582,IU
SRR14307588,IU
SRR14597435,IU
SRR14597436,IU
SRR14597443,IU
SRR14597444,IU
SRR14597445,IU
SRR14597446,IU
SRR14597447,IU
SRR14597448,IU
SRR14753904,IU
SRR14753905,IU
SRR14753906,IU
SRR14753907,IU
SRR14753908,IU
SRR14753909,IU
SRR14753910,IU
SRR14753911,IU
SRR14753912,IU
SRR14753913,IU
SRR14753914,IU
SRR14753915,IU
SRR15412721,IU
SRR15512847,ISR
SRR15512848,ISR
SRR15512849,ISR
SRR15512850,ISR
SRR15512851,ISR
SRR15512852,ISR
SRR15512853,ISR
SRR15512854,ISR
SRR15512855,ISR
SRR15512856,ISR
SRR15512857,ISR
SRR15512858,ISR
SRR15512859,ISR
SRR15512860,ISR
SRR15512861,ISR
SRR16080489,IU
SRR16080490,IU
SRR16080491,IU
SRR16080492,IU
SRR16080493,IU
SRR16080494,IU
SRR16080495,IU
SRR16080496,IU
SRR16080497,IU
SRR16080498,IU
SRR16103877,IU
SRR16709559,IU
SRR16709560,IU
SRR16709561,IU
SRR16709562,IU
SRR16709563,IU
SRR16709564,IU
SRR16709565,IU
SRR16709566,IU
SRR16709567,IU
SRR16709568,IU
SRR16709569,IU
SRR16709570,IU
SRR16709571,IU
SRR16709572,IU
SRR16709573,IU
SRR16709574,IU
SRR16709575,IU
SRR16709576,IU
SRR16709577,IU
SRR16709578,IU
SRR16709579,IU
SRR16709580,IU
SRR16709581,IU
SRR16709582,IU
SRR16709583,IU
SRR16709584,IU
SRR16709585,IU
SRR16709586,IU
SRR16709587,IU
SRR16709588,IU
SRR16912974,ISR
SRR16912975,ISR
SRR16912976,ISR
SRR16912977,ISR
SRR16912979,ISR
SRR16912980,ISR
SRR16912981,ISR
SRR16912982,ISR
SRR16912983,ISR
SRR16938692,IU
SRR16938693,IU
SRR16938694,IU
SRR16938695,IU
SRR16938696,IU
SRR16938697,IU
SRR16938698,IU
SRR16938699,IU
SRR16938700,IU
SRR16938701,IU
SRR16938702,IU
SRR16938703,IU
SRR16938704,IU
SRR16938705,IU
SRR16938706,IU
SRR16938707,IU
SRR16938708,IU
SRR16938709,IU
SRR16938710,IU
SRR16938711,IU
SRR16938712,IU
SRR16938713,IU
SRR16938714,IU
SRR16938715,IU
SRR16938716,IU
SRR16938717,IU
SRR16938718,IU
SRR16938719,IU
SRR16938720,IU
SRR16938721,IU
SRR16938722,IU
SRR16938723,IU
SRR16938724,IU
SRR16938725,IU
SRR16938726,IU
SRR16938727,IU
SRR17220981,IU
SRR17220982,IU
SRR17220983,IU
SRR17220984,IU
SRR17220985,IU
SRR17220986,IU
SRR17220987,IU
SRR17220988,IU
SRR17220989,IU
SRR17220990,IU
SRR17400083,ISR
SRR17400084,ISR
SRR17400085,ISR
SRR17400086,ISR
SRR17400087,ISR
SRR17400088,ISR
SRR17400089,ISR
SRR17400090,ISR
SRR17400091,ISR
SRR17400092,ISR
SRR17400093,ISR
SRR17400094,ISR
SRR17400095,ISR
SRR17400096,ISR
SRR17400097,ISR
SRR17400098,ISR
SRR17400099,ISR
SRR17400100,ISR
SRR18004692,IU
SRR18004693,IU
SRR18004694,IU
SRR18004695,IU
SRR18004696,IU
SRR18004697,IU
SRR18004698,IU
SRR18004699,IU
SRR18004700,IU
SRR18004701,IU
SRR18004702,IU
SRR18004703,IU
SRR18083338,IU
SRR18083339,IU
SRR18083340,IU
SRR18083341,IU
SRR18083342,IU
SRR18083343,IU
SRR18083344,IU
SRR18083345,IU
SRR18083346,IU
SRR18083347,IU
SRR18171680,IU
SRR18171681,IU
SRR18171682,IU
SRR18171683,IU
SRR18171684,IU
SRR18171685,IU
SRR18171686,IU
SRR18171687,IU
SRR18171688,IU
SRR18171689,IU
SRR18171690,IU
SRR18171691,IU
SRR18218560,IU
SRR18218561,IU
SRR18218562,IU
SRR18218563,IU
SRR18218564,IU
SRR18218565,IU
SRR18691858,IU
SRR18691859,IU
SRR18691860,IU
SRR18691861,IU
SRR18691862,IU
SRR18691863,IU
SRR19571075,ISR
SRR19571076,ISR
SRR19571077,ISR
SRR19571078,ISR
SRR19571079,ISR
SRR19571080,ISR
SRR19571081,ISR
SRR19571082,ISR
SRR19571083,ISR
SRR19571084,ISR
SRR19571085,ISR
SRR19571086,ISR
SRR19571087,ISR
SRR19571088,ISR
SRR19571089,ISR
SRR19571090,ISR
SRR19571091,ISR
SRR19571092,ISR
SRR19571093,ISR
SRR19571094,ISR
SRR19571095,ISR
SRR19571096,ISR
SRR19571097,ISR
SRR19571098,ISR
SRR19693172,IU
SRR19693173,IU
SRR19693174,IU
SRR19693175,IU
SRR19693176,IU
SRR19693177,IU
SRR19693178,IU
SRR19693179,IU
SRR19693180,IU
SRR19693181,IU
SRR19693182,IU
SRR19693183,IU
SRR1974519,ISR
SRR1979656,ISR
SRR1979657,ISR
SRR1979658,ISR
SRR1979659,ISR
SRR1979660,ISR
SRR1979661,ISR
SRR1979662,ISF
SRR1979663,ISR
SRR1979664,ISF
SRR1979665,ISF
SRR1979666,ISF
SRR1979667,ISR
SRR1979668,ISR
SRR1979669,ISF
SRR20920367,IU
SRR20920368,IU
SRR20920369,IU
SRR2165173,IU
SRR2165174,IU
SRR2165175,IU
SRR2165225,IU
SRR2165226,IU
SRR2165227,IU
SRR2165228,IU
SRR2165229,IU
SRR2165230,IU
SRR21656241,IU
SRR21656242,IU
SRR21656243,IU
SRR21656244,IU
SRR21779978,IU
SRR21779979,IU
SRR21779980,IU
SRR21779981,IU
SRR21779982,IU
SRR21779983,IU
SRR21779984,IU
SRR21779985,IU
SRR21779986,IU
SRR21779987,IU
SRR21779988,IU
SRR21779989,IU
SRR2183392,IU
SRR2183393,IU
SRR2183394,IU
SRR2183395,IU
SRR2183396,IU
SRR2183397,IU
SRR21866235,IU
SRR21866236,IU
SRR21866237,IU
SRR21866238,IU
SRR21866266,IU
SRR21866267,IU
SRR21866268,IU
SRR21866269,IU
SRR21866270,IU
SRR21866271,IU
SRR21866272,IU
SRR21866273,IU
SRR21866274,IU
SRR21866276,IU
SRR21866277,IU
SRR21866278,IU
SRR21866279,IU
SRR21866280,IU
SRR21866281,IU
SRR21866282,IU
SRR21866283,IU
SRR21866284,IU
SRR21866285,IU
SRR21866287,IU
SRR21866288,IU
SRR21866289,IU
SRR21866290,IU
SRR21866291,IU
SRR21866292,IU
SRR21866293,IU
SRR21866294,IU
SRR21866295,IU
SRR21866296,IU
SRR21866298,IU
SRR21866299,IU
SRR21866300,IU
SRR21866301,IU
SRR21866302,IU
SRR21866303,IU
SRR21866304,IU
SRR21866305,IU
SRR21866306,IU
SRR21866307,IU
SRR21866309,IU
SRR21866310,IU
SRR21866311,IU
SRR21866312,IU
SRR21866313,IU
SRR21866314,IU
SRR21866315,IU
SRR21866316,IU
SRR21866317,IU
SRR21866318,IU
SRR21866320,IU
SRR21866321,IU
SRR21866322,IU
SRR21866323,IU
SRR21866324,IU
SRR21866325,IU
SRR21866326,IU
SRR21866327,IU
SRR21866328,IU
SRR21866329,IU
SRR21866360,IU
SRR21866362,IU
SRR21866363,IU
SRR21866364,IU
SRR21866365,IU
SRR21866366,IU
SRR21866367,IU
SRR21866368,IU
SRR21866369,IU
SRR21866370,IU
SRR21866371,IU
SRR21866372,IU
SRR21866374,IU
SRR21866375,IU
SRR21866376,IU
SRR21866377,IU
SRR21866378,IU
SRR21866379,IU
SRR21866380,IU
SRR21866381,IU
SRR21866382,IU
SRR21866383,IU
SRR21866385,IU
SRR21866386,IU
SRR21866387,IU
SRR21866388,IU
SRR21866389,IU
SRR21866390,IU
SRR21866391,IU
SRR21866392,IU
SRR21866393,IU
SRR21866394,IU
SRR21866429,IU
SRR21866430,IU
SRR21866431,IU
SRR21866432,IU
SRR21866433,IU
SRR21866434,IU
SRR21866435,IU
SRR21866436,IU
SRR21866437,IU
SRR21866438,IU
SRR21866440,IU
SRR21866441,IU
SRR21866442,IU
SRR21866443,IU
SRR21866444,IU
SRR21866445,IU
SRR21866446,IU
SRR21866447,IU
SRR21866448,IU
SRR21866449,IU
SRR21866451,IU
SRR21866452,IU
SRR21866453,IU
SRR21866454,IU
SRR21866455,IU
SRR21866456,IU
SRR21866457,IU
SRR21866458,IU
SRR21866459,IU
SRR21866460,IU
SRR21991494,IU
SRR21991495,IU
SRR21991496,IU
SRR21991497,IU
SRR21991498,IU
SRR22018114,IU
SRR22018115,IU
SRR22018116,IU
SRR22018117,IU
SRR22018118,IU
SRR22018119,IU
SRR22018120,IU
SRR22018121,IU
SRR22018122,IU
SRR22018123,IU
SRR22018124,IU
SRR22018125,IU
SRR22018126,IU
SRR22018127,IU
SRR22018128,IU
SRR22018129,IU
SRR22018130,IU
SRR22018131,IU
SRR22018132,IU
SRR22018133,IU
SRR22018134,IU
SRR22018135,IU
SRR22018136,IU
SRR22018137,IU
SRR22681469,IU
SRR22681470,IU
SRR22681471,IU
SRR22681472,IU
SRR22681473,IU
SRR22681474,IU
SRR22681475,IU
SRR22681476,IU
SRR22681477,IU
SRR22681478,IU
SRR22681479,IU
SRR22681480,IU
SRR22681481,IU
SRR22681482,IU
SRR22681483,IU
SRR22681484,IU
SRR22681485,IU
SRR22681486,IU
SRR22681487,IU
SRR22681488,IU
SRR22681489,IU
SRR22681490,IU
SRR22681491,IU
SRR22681492,IU
SRR22681493,IU
SRR22681494,IU
SRR22681495,IU
SRR22681496,IU
SRR22681497,IU
SRR22681498,IU
SRR22696830,IU
SRR22696831,IU
SRR22696832,IU
SRR22696833,IU
SRR22696834,IU
SRR22696835,IU
SRR22696836,IU
SRR22696837,IU
SRR22696838,IU
SRR22696839,IU
SRR22696840,IU
SRR22696841,IU
SRR22730647,ISR
SRR22730648,ISR
SRR22730649,ISR
SRR22730650,ISR
SRR22730651,ISR
SRR22730652,ISR
SRR22730653,ISR
SRR22730654,ISR
SRR22730655,ISR
SRR22730656,ISR
SRR22730657,ISR
SRR22730658,ISR
SRR22730659,ISR
SRR22730660,ISR
SRR22730661,ISR
SRR22730662,ISR
SRR22730663,ISR
SRR22730664,ISR
SRR22730665,ISR
SRR22730666,ISR
SRR22730667,ISR
SRR22730668,ISR
SRR22730669,ISR
SRR22730670,ISR
SRR22730671,ISR
SRR22730672,ISR
SRR22730673,ISR
SRR22730674,ISR
SRR22730675,ISR
SRR22730676,ISR
SRR22796742,IU
SRR22796743,IU
SRR22796744,IU
SRR22796745,IU
SRR22796746,IU
SRR22796747,IU
SRR22796748,IU
SRR22796749,IU
SRR22796750,IU
SRR22796751,IU
SRR22796752,IU
SRR22796753,IU
SRR22796754,IU
SRR22796755,IU
SRR22796756,IU
SRR22796757,IU
SRR22796758,IU
SRR22796759,IU
SRR22796760,IU
SRR22796761,IU
SRR22796762,IU
SRR22796763,IU
SRR22796764,IU
SRR22796765,IU
SRR22796766,IU
SRR22796767,IU
SRR22796768,IU
SRR22796769,IU
SRR22796770,IU
SRR22796771,IU
SRR23595758,IU
SRR23595759,IU
SRR23595760,IU
SRR23595761,IU
SRR23595763,IU
SRR24349461,IU
SRR24349462,IU
SRR24349463,IU
SRR24349464,IU
SRR24349465,IU
SRR24349466,IU
SRR24724153,IU
SRR24724154,IU
SRR24724155,IU
SRR24724156,IU
SRR24724157,IU
SRR24724158,IU
SRR24724159,IU
SRR24724160,IU
SRR24724161,IU
SRR24724162,IU
SRR24724163,IU
SRR24724164,IU
SRR24724165,IU
SRR24724166,IU
SRR24724167,IU
SRR24724168,IU
SRR24724169,IU
SRR24724170,IU
SRR24724171,IU
SRR24724172,IU
SRR24724173,IU
SRR24724174,IU
SRR24724175,IU
SRR24724176,IU
SRR24724177,IU
SRR24724178,IU
SRR24724179,IU
SRR24724180,IU
SRR24724181,IU
SRR24724182,IU
SRR24724183,IU
SRR24724184,IU
SRR24724185,IU
SRR24724186,IU
SRR24724187,IU
SRR24724188,IU
SRR24724189,IU
SRR24724190,IU
SRR24724191,IU
SRR24724192,IU
SRR25760359,IU
SRR25760360,IU
SRR25760361,IU
SRR25760362,IU
SRR25760365,IU
SRR25760366,IU
SRR25760367,IU
SRR25760368,IU
SRR25760369,IU
SRR25760370,IU
SRR25760371,IU
SRR25760372,IU
SRR25760373,IU
SRR25760374,IU
SRR25760375,IU
SRR25760376,IU
SRR25760377,IU
SRR25760378,IU
SRR25760379,IU
SRR25760380,IU
SRR25760381,IU
SRR25760382,IU
SRR25760383,IU
SRR25760384,IU
SRR25760385,IU
SRR25760386,IU
SRR25760387,IU
SRR25760388,IU
SRR25760389,IU
SRR25760390,IU
SRR25760391,IU
SRR25760392,IU
SRR25760393,IU
SRR25760394,IU
SRR25760395,IU
SRR25760396,IU
SRR25760397,IU
SRR25760398,IU
SRR25760399,IU
SRR25760400,IU
SRR25760401,IU
SRR25760402,IU
SRR25760403,IU
SRR25760404,IU
SRR25760405,IU
SRR25760406,IU
SRR25760407,IU
SRR25760408,IU
SRR25760409,IU
SRR25760410,IU
SRR25760411,IU
SRR25760412,IU
SRR25760413,IU
SRR25760414,IU
SRR25885088,IU
SRR25885089,IU
SRR25885090,IU
SRR25885091,IU
SRR25885092,IU
SRR25885093,IU
SRR25897119,IU
SRR25897120,IU
SRR25897121,IU
SRR25897122,IU
SRR25897123,IU
SRR25897124,IU
SRR26965778,IU
SRR26965779,IU
SRR26965780,IU
SRR26965781,IU
SRR26965782,IU
SRR26965783,IU
SRR26965784,IU
SRR26965785,IU
SRR26965786,IU
SRR26965787,IU
SRR26965788,IU
SRR26965789,IU
SRR26965790,IU
SRR26965791,IU
SRR26965792,IU
SRR26965793,IU
SRR26965794,IU
SRR26965795,IU
SRR27232025,ISR
SRR27232026,ISR
SRR27232027,ISR
SRR27232028,ISR
SRR27232029,ISR
SRR27232031,ISR
SRR27232032,ISR
SRR27232033,ISR
SRR27232034,ISR
SRR27232035,ISR
SRR27232036,ISR
SRR27232037,ISR
SRR27232038,ISR
SRR27232039,ISR
SRR27232040,ISR
SRR27232042,ISR
SRR27232043,ISR
SRR27316576,IU
SRR27316577,IU
SRR27316578,IU
SRR27316579,IU
SRR27316580,IU
SRR27316581,IU
SRR27316582,IU
SRR27316583,IU
SRR27316584,IU
SRR27316585,IU
SRR27316586,IU
SRR27316587,IU
SRR27946040,ISR
SRR27946041,ISR
SRR27946042,ISR
SRR27946043,ISR
SRR27946044,ISR
SRR27946045,ISR
SRR27946046,ISR
SRR27946047,ISR
SRR27946048,ISR
SRR27946049,ISR
SRR27946050,ISR
SRR27946051,ISR
SRR27946052,ISR
SRR27946053,ISR
SRR27946054,ISR
SRR27946055,ISR
SRR27946056,ISR
SRR27946057,ISR
SRR27946058,ISR
SRR27946059,ISR
SRR27946060,ISR
SRR27946061,ISR
SRR27946062,IU
SRR27946063,ISR
SRR27946064,ISR
SRR27946065,ISR
SRR27946066,ISR
SRR27946067,ISR
SRR28212565,IU
SRR28212566,IU
SRR28212567,IU
SRR28212568,IU
SRR28212569,IU
SRR28212570,IU
SRR28212571,IU
SRR28212572,IU
SRR28212573,IU
SRR28212574,IU
SRR28212575,IU
SRR28212576,IU
SRR28212577,IU
SRR28212578,IU
SRR28212579,IU
SRR28212580,IU
SRR28212581,IU
SRR28212582,IU
SRR28212583,IU
SRR28212584,IU
SRR28212585,IU
SRR28212586,IU
SRR28212587,IU
SRR28212588,IU
SRR28212589,IU
SRR28212590,IU
SRR28212591,IU
SRR28212592,IU
SRR28212593,IU
SRR28212594,IU
SRR28212595,IU
SRR28212596,IU
SRR28212597,IU
SRR28212598,IU
SRR28212599,IU
SRR28212600,IU
SRR28212601,IU
SRR28212602,IU
SRR28212603,IU
SRR28212604,IU
SRR29090748,IU
SRR29090749,IU
SRR29090750,IU
SRR29090751,IU
SRR29090752,IU
SRR29090753,IU
SRR29090754,IU
SRR29090755,IU
SRR29090756,IU
SRR29090757,IU
SRR29090758,IU
SRR29090759,IU
SRR29090760,IU
SRR29090761,IU
SRR29090762,IU
SRR29090763,IU
SRR29090764,IU
SRR29090765,IU
SRR29443913,ISR
SRR29443914,ISR
SRR29443915,ISR
SRR29443916,ISR
SRR29443917,ISR
SRR29443918,ISR
SRR29443919,ISR
SRR29443920,ISR
SRR29443921,ISR
SRR29443922,ISR
SRR29443923,ISR
SRR29443924,ISR
SRR29443925,ISR
SRR29443926,ISR
SRR29443927,ISR
SRR29443928,ISR
SRR29443929,ISR
SRR29443930,ISR
SRR29673355,ISR
SRR29673356,ISR
SRR29673357,ISR
SRR29673358,ISR
SRR29673359,ISR
SRR29673360,ISR
SRR29673361,ISR
SRR29673362,ISR
SRR29673363,ISR
SRR29673364,ISR
SRR29673365,ISR
SRR29673366,ISR
SRR29673367,ISR
SRR29673368,ISR
SRR29673369,ISR
SRR29673370,ISR
SRR29673371,ISR
SRR29673372,ISR
SRR29673373,ISR
SRR29673374,ISR
SRR29673375,ISR
SRR29673376,ISR
SRR29673377,ISR
SRR29673378,ISR
SRR29750383,IU
SRR29750384,IU
SRR29750385,IU
SRR29750386,IU
SRR29750387,IU
SRR29750388,IU
SRR2992210,IU
SRR2992249,IU
SRR30346586,IU
SRR30346587,IU
SRR30346588,IU
SRR30346589,IU
SRR30346590,IU
SRR30346591,IU
SRR30346592,IU
SRR30346593,IU
SRR30346594,IU
SRR30346595,IU
SRR30346596,IU
SRR30346597,IU
SRR30346598,IU
SRR30346599,IU
SRR30346600,IU
SRR30346601,IU
SRR30346602,IU
SRR30346603,IU
SRR30346604,IU
SRR30346605,IU
SRR30346606,IU
SRR30346607,IU
SRR30346608,IU
SRR30346609,IU
SRR30347212,IU
SRR30347213,IU
SRR30347214,IU
SRR30347215,IU
SRR30347216,IU
SRR30347217,IU
SRR30347218,IU
SRR30347219,IU
SRR30347220,IU
SRR30347221,IU
SRR30347222,IU
SRR30347223,IU
SRR30652869,IU
SRR30652870,IU
SRR30652871,IU
SRR30652872,IU
SRR30652873,IU
SRR30652874,IU
SRR31094525,ISR
SRR31094526,ISR
SRR31094527,ISR
SRR31094528,ISR
SRR31094529,ISR
SRR31094530,ISR
SRR31094531,ISR
SRR31094532,ISR
SRR31094533,ISR
SRR31094534,ISR
SRR31094535,ISR
SRR31094536,ISR
SRR31094537,ISR
SRR31094538,ISR
SRR31094539,ISR
SRR31094540,ISR
SRR31094541,ISR
SRR31094542,ISR
SRR31094543,ISR
SRR31094544,ISR
SRR31094545,ISR
SRR31094546,ISR
SRR31094547,ISR
SRR31094548,ISR
SRR31094549,ISR
SRR31094550,ISR
SRR31094551,ISR
SRR31094552,ISR
SRR31094553,ISR
SRR31094554,ISR
SRR31094555,ISR
SRR31094556,ISR
SRR31094557,ISR
SRR31094558,ISR
SRR31094559,ISR
SRR31094560,ISR
SRR31094561,ISR
SRR31094562,ISR
SRR31094563,ISR
SRR31094564,ISR
SRR31094565,ISR
SRR31094566,ISR
SRR31094567,ISR
SRR31094568,ISR
SRR31094569,ISR
SRR31094570,ISR
SRR31094571,ISR
SRR31094572,ISR
SRR31646412,IU
SRR31646413,IU
SRR31646414,IU
SRR31646415,IU
SRR31646416,IU
SRR31646417,IU
SRR31646418,IU
SRR31646419,IU
SRR31646420,IU
SRR31646421,IU
SRR31646422,IU
SRR31646423,IU
SRR31646424,IU
SRR31646425,IU
SRR31646426,IU
SRR31646427,IU
SRR31646428,IU
SRR31646429,IU
SRR31646430,IU
SRR31646431,IU
SRR31699282,ISR
SRR31699283,ISR
SRR31699284,ISR
SRR31699285,ISR
SRR31699286,ISR
SRR31699287,ISR
SRR31699288,ISR
SRR31699289,ISR
SRR31699290,ISR
SRR31699291,ISR
SRR31699292,ISR
SRR31699293,ISR
SRR31699294,ISR
SRR31699295,ISR
SRR31699296,ISR
SRR31699297,ISR
SRR31699298,ISR
SRR31699299,ISR
SRR31699300,ISR
SRR31699301,ISR
SRR31699302,ISR
SRR31699303,ISR
SRR31699304,ISR
SRR31699305,ISR
SRR31699306,ISR
SRR31699307,ISR
SRR31699308,ISR
SRR31699309,ISR
SRR31699310,ISR
SRR31699311,ISR
SRR31818531,IU
SRR31818532,IU
SRR31818533,IU
SRR31818534,IU
SRR31818535,IU
SRR31818536,IU
SRR31818537,IU
SRR31818538,IU
SRR31818539,IU
SRR31818540,IU
SRR31818541,IU
SRR31818542,IU
SRR31818543,IU
SRR31818544,IU
SRR31818545,IU
SRR31818546,IU
SRR31818547,IU
SRR31818548,IU
SRR31818549,IU
SRR31818550,IU
SRR31818551,IU
SRR31818552,IU
SRR31818553,IU
SRR31818554,IU
SRR31818555,IU
SRR31818556,IU
SRR31818557,IU
SRR31818558,IU
SRR31818559,IU
SRR31818560,IU
SRR31818561,IU
SRR31818562,IU
SRR31818563,IU
SRR31818564,IU
SRR31918770,IU
SRR31918771,IU
SRR31918772,IU
SRR31918773,IU
SRR31918774,IU
SRR31918775,IU
SRR31918776,IU
SRR31918777,IU
SRR31918778,IU
SRR31918779,IU
SRR31918780,IU
SRR31918781,IU
SRR31918782,IU
SRR31918783,IU
SRR31918784,IU
SRR31918785,IU
SRR31918786,IU
SRR31918787,IU
SRR31918788,IU
SRR31918789,IU
SRR31918790,IU
SRR31918791,IU
SRR31918792,IU
SRR31918793,IU
SRR31918794,IU
SRR31918795,IU
SRR31918796,IU
SRR31918797,IU
SRR31918798,IU
SRR31918799,IU
SRR31918800,IU
SRR31918801,IU
SRR31918802,IU
SRR31918803,IU
SRR31918804,IU
SRR31918805,IU
SRR31918806,IU
SRR31918807,IU
SRR31918808,IU
SRR31918809,IU
SRR31918810,IU
SRR31918811,IU
SRR31918812,IU
SRR31918813,IU
SRR31918814,IU
SRR31918815,IU
SRR31918816,IU
SRR31918817,IU
SRR31918818,IU
SRR31918819,IU
SRR31918820,IU
SRR31918821,IU
SRR31918822,IU
SRR31918823,IU
SRR31918824,IU
SRR31918825,IU
SRR31918826,IU
SRR31918827,IU
SRR31918828,IU
SRR31918829,IU
SRR32012360,ISR
SRR32012361,ISR
SRR32012362,ISR
SRR32012363,ISR
SRR32012364,ISR
SRR32012365,ISR
SRR32012366,ISR
SRR32012367,ISR
SRR32012368,ISR
SRR33420033,IU
SRR33420034,IU
SRR33420035,IU
SRR33420036,IU
SRR33420037,IU
SRR33420038,IU
SRR33420039,IU
SRR33420040,IU
SRR33420041,IU
SRR33420042,IU
SRR33420043,IU
SRR33420044,IU
SRR33420045,IU
SRR33420046,IU
SRR33420047,IU
SRR33420048,IU
SRR33420049,IU
SRR33420050,IU
SRR33420051,IU
SRR33420052,IU
SRR33420053,IU
SRR33420054,IU
SRR33420055,IU
SRR33420056,IU
SRR33420057,IU
SRR33420058,IU
SRR33420059,IU
SRR33420060,IU
SRR33420061,IU
SRR33420062,IU
SRR33420063,IU
SRR33420064,IU
SRR33420065,IU
SRR33420066,IU
SRR33420067,IU
SRR33420068,IU
SRR33420069,IU
SRR33420070,IU
SRR33420071,IU
SRR33420072,IU
SRR33420073,IU
SRR33420074,IU
SRR33420075,IU
SRR33420076,IU
SRR33420077,IU
SRR33420078,IU
SRR33420079,IU
SRR33420080,IU
SRR33420081,IU
SRR33420082,IU
SRR33420083,IU
SRR33420084,IU
SRR33420085,IU
SRR33420086,IU
SRR33420087,IU
SRR33420088,IU
SRR33420089,IU
SRR33420090,IU
SRR33420091,IU
SRR33420092,IU
SRR33420093,IU
SRR33420094,IU
SRR33420095,IU
SRR33420096,IU
SRR33420097,IU
SRR33420098,IU
SRR33420099,IU
SRR33420100,IU
SRR33420101,IU
SRR33420102,IU
SRR33420103,IU
SRR33420104,IU
SRR33640261,ISR
SRR33640262,ISR
SRR33640263,ISR
SRR33640264,ISR
SRR33640265,ISR
SRR33640266,ISR
SRR3399429,IU
SRR3399436,IU
SRR34710418,IU
SRR34710419,IU
SRR34710420,IU
SRR34710421,IU
SRR34710422,IU
SRR34710423,IU
SRR34710424,IU
SRR34710425,IU
SRR34710426,IU
SRR34710427,IU
SRR34710428,IU
SRR34710429,IU
SRR34710430,IU
SRR34710431,IU
SRR34710432,IU
SRR34710433,IU
SRR34710434,IU
SRR34710435,IU
SRR34710436,IU
SRR34710437,IU
SRR34710438,IU
SRR34710439,IU
SRR34710440,IU
SRR34710441,IU
SRR34747009,ISR
SRR34747010,ISR
SRR34747011,ISR
SRR34982272,IU
SRR34982273,IU
SRR34982274,IU
SRR34982275,IU
SRR34982276,IU
SRR34982277,IU
SRR34982278,IU
SRR34982279,IU
SRR34982280,IU
SRR34982281,IU
SRR34982282,IU
SRR34982283,IU
SRR34982284,IU
SRR34982285,IU
SRR34982286,IU
SRR34982287,IU
SRR34982288,IU
SRR34982289,IU
SRR34982290,IU
SRR34982291,IU
SRR34982292,IU
SRR34982293,IU
SRR34982294,IU
SRR34982295,IU
SRR34982296,IU
SRR34982297,IU
SRR34982298,IU
SRR34982299,IU
SRR34982300,IU
SRR34982301,IU
SRR34982302,IU
SRR34982303,IU
SRR34982304,IU
SRR34982305,IU
SRR34982306,IU
SRR34982307,IU
SRR35097301,ISR
SRR35097302,ISR
SRR35097303,ISR
SRR35097304,ISR
SRR35097305,ISR
SRR35097306,ISR
SRR35097307,ISR
SRR35097308,ISR
SRR35097309,ISR
SRR35097310,ISR
SRR35097311,ISR
SRR35097312,ISR
SRR35878253,IU
SRR35878254,IU
SRR35878255,IU
SRR35878256,IU
SRR35878257,IU
SRR35878258,IU
SRR35878259,IU
SRR35878260,IU
SRR35878261,IU
SRR35878262,IU
SRR35878263,IU
SRR35878264,IU
SRR35878265,IU
SRR35878266,IU
SRR35878267,IU
SRR35878268,IU
SRR35878269,IU
SRR35878270,IU
SRR35878271,IU
SRR35878272,IU
SRR35878273,IU
SRR35878274,IU
SRR35878275,IU
SRR35878276,IU
SRR35878277,IU
SRR35878278,IU
SRR35878279,IU
SRR35878280,IU
SRR35878281,IU
SRR35878282,IU
SRR35878283,IU
SRR35878284,IU
SRR35878285,IU
SRR35878286,IU
SRR35878287,IU
SRR35878288,IU
SRR35878289,IU
SRR35878290,IU
SRR35878291,IU
SRR35878292,IU
SRR35878293,IU
SRR35878294,IU
SRR35878295,IU
SRR35878296,IU
SRR35878297,IU
SRR35878298,IU
SRR35878299,IU
SRR35878300,IU
SRR35878301,IU
SRR35878302,IU
SRR35878303,IU
SRR35878304,IU
SRR35878305,IU
SRR35878306,IU
SRR35878307,IU
SRR35878308,IU
SRR35878309,IU
SRR35878310,IU
SRR35878311,IU
SRR35878312,IU
SRR35878313,IU
SRR35878314,IU
SRR35878315,IU
SRR35878316,IU
SRR35878317,IU
SRR35878318,IU
SRR35878319,IU
SRR35878320,IU
SRR35878321,IU
SRR35878322,IU
SRR35878323,IU
SRR35878324,IU
SRR35878325,IU
SRR35878326,IU
SRR35878327,IU
SRR35878328,IU
SRR35878329,IU
SRR35878330,IU
SRR35896377,IU
SRR35896378,IU
SRR35896379,IU
SRR35896380,IU
SRR35896381,IU
SRR35896382,IU
SRR35896384,IU
SRR35896385,IU
SRR35896386,IU
SRR35896387,IU
SRR35896388,IU
SRR35896389,IU
SRR35896390,IU
SRR35896391,IU
SRR35896392,IU
SRR35896393,IU
SRR35896395,IU
SRR35896396,IU
SRR35896397,IU
SRR35896398,IU
SRR35896399,IU
SRR35896400,IU
SRR35896401,IU
SRR35896402,IU
SRR35896403,IU
SRR35896404,IU
SRR35896406,IU
SRR35896407,IU
SRR35896408,IU
SRR35896409,IU
SRR35896410,IU
SRR35896411,IU
SRR35896412,IU
SRR35896413,IU
SRR35896414,IU
SRR35896415,IU
SRR35896417,IU
SRR35896418,IU
SRR35896419,IU
SRR35896420,IU
SRR35896421,IU
SRR35896422,IU
SRR35896423,IU
SRR35896424,IU
SRR3614505,SF
SRR3614506,SF
SRR3632209,IU
SRR36472331,IU
SRR36472332,IU
SRR36472333,IU
SRR36472334,IU
SRR36472335,IU
SRR36472336,IU
SRR36472337,IU
SRR36472338,IU
SRR36472339,IU
SRR36472340,IU
SRR36472341,IU
SRR36472342,IU
SRR4014615,ISR
SRR4014616,ISR
SRR4014617,ISR
SRR4014618,ISF
SRR4014619,ISR
SRR4014620,ISF
SRR4014621,ISR
SRR4014622,ISR
SRR4014623,ISF
SRR4014624,ISR
SRR4014625,ISR
SRR4014626,ISR
SRR4014627,ISF
SRR4014628,ISR
SRR4014629,ISR
SRR4014630,ISF
SRR4014631,ISR
SRR4014632,ISR
SRR4014633,ISF
SRR4014634,ISF
SRR4014635,ISF
SRR4014636,ISR
SRR4014637,ISF
SRR4014638,ISF
SRR4014639,ISF
SRR4014640,ISR
SRR4014641,ISR
SRR4014642,ISR
SRR4014643,ISR
SRR4014644,ISF
SRR4014645,ISF
SRR4014646,ISF
SRR4014647,ISR
SRR4014648,ISF
SRR4014649,ISF
SRR4014650,ISF
SRR4014651,ISR
SRR4014652,ISF
SRR4014653,ISF
SRR4014654,ISF
SRR4014655,ISR
SRR4014656,ISR
SRR4014657,ISR
SRR4014658,ISR
SRR4014659,ISF
SRR4014660,ISR
SRR4014661,ISR
SRR4014662,ISF
SRR4014663,ISF
SRR4014664,ISF
SRR4014665,ISR
SRR4014666,ISF
SRR4014667,ISF
SRR4014668,ISR
SRR4044618,ISF
SRR4044619,ISR
SRR4044620,ISR
SRR4044621,ISF
SRR4044622,ISR
SRR4044623,ISR
SRR4044624,ISR
SRR4044625,ISF
SRR4044626,ISR
SRR4044627,ISR
SRR4044628,ISR
SRR4044629,ISF
SRR4044630,ISF
SRR4044631,ISF
SRR4044632,ISR
SRR4045246,ISR
SRR4045247,ISF
SRR4045248,ISR
SRR4383926,SR
SRR4383927,SR
SRR5223340,ISF
SRR5223341,ISR
SRR5223342,ISR
SRR5223343,ISF
SRR5223344,ISR
SRR5223345,ISF
SRR5223346,ISR
SRR5223347,ISF
SRR5223348,ISR
SRR5223349,ISF
SRR5223350,ISF
SRR5223351,ISF
SRR5223352,ISR
SRR5223353,ISR
SRR5223354,ISR
SRR5223355,ISR
SRR5223356,ISR
SRR5223357,ISF
SRR5223358,ISF
SRR5223359,ISF
SRR5223360,ISF
SRR5223361,ISR
SRR5239234,IU
SRR5239235,IU
SRR5239236,IU
SRR5239237,IU
SRR5239238,IU
SRR5239239,IU
SRR5239240,IU
SRR5239241,IU
SRR5239242,IU
SRR5239243,IU
SRR5239244,IU
SRR5239245,IU
SRR5239246,IU
SRR5239247,IU
SRR5239248,IU
SRR5239249,IU
SRR5258946,ISR
SRR5258947,ISR
SRR5258948,ISR
SRR5258949,ISR
SRR5258950,ISR
SRR5258951,ISR
SRR5258952,ISR
SRR5258953,ISR
SRR5258954,ISR
SRR5258955,ISR
SRR5258956,ISR
SRR5258957,ISR
SRR5258958,ISR
SRR5258959,ISR
SRR5258960,ISR
SRR5258961,ISR
SRR5258962,ISR
SRR5258963,ISR
SRR5258964,ISR
SRR5258965,ISR
SRR5258966,ISR
SRR5258967,ISR
SRR5258968,ISR
SRR5258969,ISR
SRR5258970,ISR
SRR5258971,ISR
SRR5258972,ISR
SRR5258973,ISR
SRR5258974,ISR
SRR5258975,ISR
SRR5258976,ISR
SRR5258977,ISR
SRR5258978,ISR
SRR5258979,ISR
SRR5258980,ISR
SRR5258981,ISR
SRR5258982,ISR
SRR5258983,ISR
SRR5258984,ISR
SRR5258985,ISR
SRR5258986,ISR
SRR5258987,ISR
SRR5258988,ISR
SRR5258989,ISR
SRR5258990,ISR
SRR5258991,ISR
SRR5258992,ISR
SRR5258993,ISR
SRR5258994,ISR
SRR5258995,ISR
SRR5258996,ISR
SRR5258997,ISR
SRR5258998,IU
SRR5258999,IU
SRR5259000,ISR
SRR5259001,ISR
SRR5259002,IU
SRR5259003,IU
SRR5259004,IU
SRR5259005,IU
SRR5259006,ISR
SRR5259007,ISR
SRR5259008,ISR
SRR5259009,ISR
SRR5259010,ISR
SRR5259011,ISR
SRR5259012,ISR
SRR5259013,ISR
SRR5259014,ISR
SRR5259015,ISR
SRR5259016,ISR
SRR5259017,ISR
SRR5259018,IU
SRR5259019,ISR
SRR5259020,ISR
SRR5259021,ISR
SRR5259022,IU
SRR5259023,IU
SRR5259024,ISR
SRR5259025,ISR
SRR5384056,IU
SRR5482126,IU
SRR5482127,IU
SRR5482128,IU
SRR5482129,IU
SRR5482137,IU
SRR5482138,IU
SRR5940938,IU
SRR5940939,IU
SRR5940940,IU
SRR5940941,IU
SRR5940942,IU
SRR5940943,IU
SRR5940944,IU
SRR5940945,IU
SRR5940946,IU
SRR5940947,IU
SRR5940948,IU
SRR5940949,IU
SRR5980283,IU
SRR5980284,IU
SRR5980285,IU
SRR6220287,IU
SRR6220289,IU
SRR6220290,IU
SRR6220291,IU
SRR6220292,IU
SRR6432905,IU
SRR6432906,IU
SRR6432907,IU
SRR6432908,IU
SRR6432909,IU
SRR6432910,IU
SRR6432911,IU
SRR6432912,IU
SRR6432913,IU
SRR6432914,IU
SRR6432915,IU
SRR6432916,IU
SRR6432917,IU
SRR6432918,IU
SRR6432919,IU
SRR6432920,IU
SRR6467995,IU
SRR6467996,IU
SRR6467997,IU
SRR6467998,IU
SRR6467999,IU
SRR6468000,IU
SRR6468001,IU
SRR6468002,IU
SRR6468003,IU
SRR6796686,IU
SRR6796687,IU
SRR6796688,IU
SRR6796689,IU
SRR6796690,IU
SRR6796691,IU
SRR6796692,IU
SRR6796693,IU
SRR6796694,IU
SRR6796695,IU
SRR6796696,IU
SRR6796697,IU
SRR7248311,ISR
SRR7248312,ISR
SRR7248313,ISR
SRR7248314,ISR
SRR7248315,ISR
SRR7248316,ISR
SRR7248317,ISR
SRR7248318,ISR
SRR7248319,ISR
SRR7248320,ISR
SRR7248321,ISR
SRR7248322,ISR
SRR7248323,ISR
SRR7248324,ISR
SRR7248325,ISR
SRR7248326,ISR
SRR7248327,ISR
SRR7248328,ISR
SRR7248329,ISR
SRR7248330,ISR
SRR7248331,ISR
SRR7248332,ISR
SRR7248333,ISR
SRR7248334,ISR
SRR7248335,ISR
SRR7248336,ISR
SRR7248337,ISR
SRR7248338,ISR
SRR7248339,ISR
SRR7248340,ISR
SRR7248341,ISR
SRR7248342,ISR
SRR7248343,ISR
SRR7248344,ISR
SRR7248345,ISR
SRR7248346,ISR
SRR7248347,ISR
SRR7248348,ISR
SRR7248349,ISR
SRR7248350,ISR
SRR7248351,ISR
SRR7248352,ISR
SRR7248353,ISR
SRR7248354,ISR
SRR7248355,ISR
SRR7248356,ISR
SRR7248357,ISR
SRR7248358,ISR
SRR7248359,ISR
SRR7248360,ISR
SRR7248361,ISR
SRR7248362,ISR
SRR7248363,ISR
SRR7248364,ISR
SRR7248365,ISR
SRR7248366,ISR
SRR7248367,ISR
SRR7248368,ISR
SRR7248369,ISR
SRR7248370,ISR
SRR7248371,ISR
SRR7248372,ISR
SRR7248373,ISR
SRR7248374,ISR
SRR7248375,ISR
SRR7248376,ISR
SRR7248377,ISR
SRR7248378,ISR
SRR7248379,ISR
SRR7248380,ISR
SRR7248381,ISR
SRR7248382,ISR
SRR7248383,ISR
SRR7248384,ISR
SRR7248385,ISR
SRR7248386,ISR
SRR7248387,ISR
SRR7248388,ISR
SRR7248389,ISR
SRR7248390,ISR
SRR7248391,ISR
SRR7248392,ISR
SRR7248393,ISR
SRR7248394,ISR
SRR7248395,ISR
SRR7248396,ISR
SRR7248397,ISR
SRR7248398,ISR
SRR7248399,ISR
SRR7248400,ISR
SRR7248401,ISR
SRR7248402,ISR
SRR7248403,ISR
SRR7248404,ISR
SRR7248405,ISR
SRR7248406,ISR
SRR7248407,ISR
SRR7248408,ISR
SRR7248409,ISR
SRR7248410,ISR
SRR7248411,ISR
SRR7248412,ISR
SRR7248413,ISR
SRR7248414,ISR
SRR7248415,ISR
SRR7248416,ISR
SRR7248417,ISR
SRR7248418,ISR
SRR7248419,ISR
SRR7248420,ISR
SRR7248421,ISR
SRR7248422,ISR
SRR7248423,ISR
SRR7248424,ISR
SRR7248425,ISR
SRR7248426,ISR
SRR7248427,ISR
SRR7248428,ISR
SRR7248429,ISR
SRR7248430,ISR
SRR7248431,ISR
SRR7248432,ISR
SRR7248433,ISR
SRR7248434,ISR
SRR7248435,ISR
SRR7248436,ISR
SRR7248437,ISR
SRR7248438,ISR
SRR7248439,ISR
SRR7248440,ISR
SRR7248441,ISR
SRR7248442,ISR
SRR7248443,ISR
SRR7248444,ISR
SRR7248445,ISR
SRR7248446,ISR
SRR7248447,ISR
SRR7248448,ISR
SRR7248449,ISR
SRR7248450,ISR
SRR7248451,ISR
SRR7248452,ISR
SRR7248453,ISR
SRR7248454,ISR
SRR7248455,ISR
SRR7248456,ISR
SRR7248457,ISR
SRR7248458,ISR
SRR7248459,ISR
SRR7248460,ISR
SRR7252568,ISR
SRR7252569,ISR
SRR7502899,ISR
SRR7502900,ISR
SRR7502901,IU
SRR7502902,IU
SRR7502903,ISR
SRR7502904,ISR
SRR7502905,ISR
SRR7502906,ISR
SRR7502907,ISR
SRR7502908,ISR
SRR7502909,IU
SRR7502910,IU
SRR7502911,ISR
SRR7502912,ISR
SRR7502913,ISR
SRR7502914,IU
SRR7502915,ISR
SRR7502916,ISR
SRR7502917,ISR
SRR7502918,ISR
SRR7502919,ISR
SRR7502920,ISR
SRR7502921,IU
SRR7502922,IU
SRR7502923,ISR
SRR7502924,IU
SRR7502925,ISR
SRR7502926,ISR
SRR7502927,ISR
SRR7502928,ISR
SRR7502929,ISR
SRR7502930,ISR
SRR7502931,ISR
SRR7502932,ISR
SRR7502933,ISR
SRR7502934,ISR
SRR7502935,ISR
SRR7502936,ISR
SRR7502937,ISR
SRR7502938,ISR
SRR7502939,ISR
SRR7502940,ISR
SRR7502941,ISR
SRR7502942,ISR
SRR7502943,ISR
SRR7502944,ISR
SRR7502945,ISR
SRR7502946,ISR
SRR7502947,ISR
SRR7502948,ISR
SRR7502949,IU
SRR7502950,IU
SRR7502951,IU
SRR7502952,IU
SRR7502953,IU
SRR7502954,IU
SRR7502955,IU
SRR7502956,IU
SRR7502957,IU
SRR7502958,ISR
SRR7502959,ISR
SRR7502960,ISR
SRR7502961,ISR
SRR7502962,ISR
SRR7502963,ISR
SRR7502964,ISR
SRR7502965,ISR
SRR7502966,ISR
SRR7502967,ISR
SRR7502968,ISR
SRR7502969,ISR
SRR7502970,ISR
SRR7502971,ISR
SRR7502972,ISR
SRR7502973,ISR
SRR7502974,ISR
SRR7502975,ISR
SRR7502976,ISR
SRR7502977,ISR
SRR7502978,ISR
SRR7502979,IU
SRR7502980,ISR
SRR7502981,IU
SRR7502982,IU
SRR7502983,IU
SRR7502984,IU
SRR7502985,ISR
SRR7502986,ISR
SRR7502987,ISR
SRR7502988,IU
SRR7502989,ISR
SRR7502990,ISR
SRR7502991,ISR
SRR7502992,ISR
SRR7502993,ISR
SRR7502994,ISR
SRR7502995,ISR
SRR7502996,ISR
SRR7502997,ISR
SRR7502998,ISR
SRR7502999,IU
SRR7503000,IU
SRR7503001,ISR
SRR7503002,IU
SRR7503003,ISR
SRR7503004,ISR
SRR7503005,ISR
SRR7503006,IU
SRR7651058,ISR
SRR7651059,ISF
SRR7651060,ISF
SRR7651061,ISF
SRR7651062,ISR
SRR7651063,ISF
SRR7651064,ISR
SRR7651065,ISF
SRR7651066,ISR
SRR7651067,ISR
SRR7651068,ISR
SRR7651069,ISF
SRR7651070,ISF
SRR7651071,ISR
SRR7651072,ISR
SRR7651073,ISR
SRR7651074,ISR
SRR7651075,ISF
SRR7651076,ISR
SRR7651077,ISR
SRR7651078,ISR
SRR7651079,ISF
SRR7651080,ISR
SRR7651081,ISF
SRR7651082,ISR
SRR7651083,ISR
SRR7651084,ISR
SRR7651085,ISR
SRR7651086,ISR
SRR7651087,ISR
SRR7651088,ISF
SRR7651089,ISR
SRR7651090,ISR
SRR7651091,ISF
SRR7651092,ISR
SRR7651093,ISF
SRR7651094,ISR
SRR7651095,ISR
SRR7651096,ISR
SRR7651097,ISR
SRR7651098,ISF
SRR7651099,ISR
SRR7651100,ISF
SRR7651101,ISR
SRR7651102,ISF
SRR7651103,ISR
SRR7651104,ISR
SRR7651105,ISR
SRR7651106,ISR
SRR7651107,ISR
SRR7651108,ISR
SRR7651109,ISR
SRR7651110,ISF
SRR7651111,ISF
SRR7651112,ISF
SRR7651113,ISR
SRR7651114,ISR
SRR7651115,ISR
SRR7651116,ISF
SRR7651117,ISF
SRR7651118,ISR
SRR7651119,ISR
SRR7651120,ISR
SRR7651121,ISR
SRR7651122,ISF
SRR7651123,ISF
SRR7651124,ISF
SRR7651125,ISR
SRR7651126,ISR
SRR7651127,ISF
SRR7651128,ISF
SRR7651129,ISR
SRR7651130,ISR
SRR7651131,ISR
SRR7651132,ISR
SRR7651133,ISF
SRR7651134,ISR
SRR7651135,ISF
SRR7651136,ISR
SRR7651137,ISR
SRR7651138,ISF
SRR7982790,ISR
SRR7982791,ISR
SRR7982792,ISR
SRR7982793,ISR
SRR7982794,ISR
SRR7982795,ISR
SRR7982796,ISR
SRR7982797,ISR
SRR7982798,ISR
SRR7982799,ISR
SRR7982800,ISR
SRR7982801,ISR
SRR7982802,ISR
SRR7982803,ISR
SRR7982804,ISR
SRR7982805,ISR
SRR7982806,ISR
SRR7982807,ISR
SRR7982808,ISR
SRR7982809,ISR
SRR7982810,ISR
SRR7982811,ISR
SRR7982812,ISR
SRR7982813,ISR
SRR7982814,ISR
SRR7982815,ISR
SRR7982816,ISR
SRR7982817,ISR
SRR7982818,ISR
SRR7982819,ISR
SRR7982820,ISR
SRR7982821,ISR
SRR7982822,ISR
SRR7982823,ISR
SRR7982824,ISR
SRR7982825,ISR
SRR7982826,ISR
SRR7982827,ISR
SRR7982828,ISR
SRR7982829,ISR
SRR7982830,ISR
SRR7982831,ISR
SRR7982832,ISR
SRR7982833,ISR
SRR7982834,ISR
SRR7982835,ISR
SRR7982836,ISR
SRR7982837,ISR
SRR8182122,IU
SRR8182123,IU
SRR8182124,IU
SRR8182125,IU
SRR8182126,IU
SRR8182127,IU
SRR8182128,IU
SRR8182129,IU
SRR8182130,IU
SRR8182131,IU
SRR8182132,IU
SRR8182133,IU
SRR8269475,IU
SRR8269476,IU
SRR8269477,IU
SRR8269478,IU
SRR8269479,IU
SRR8269480,IU
SRR8269481,IU
SRR8269482,IU
SRR8269483,IU
SRR8269484,IU
SRR849062,IU
SRR8771429,IU
SRR8771430,IU
SRR8771431,IU
SRR8771432,IU
SRR8910750,IU
SRR8910751,IU
SRR8910752,IU
SRR8910753,IU
SRR8910754,IU
SRR8910755,IU
SRR8910756,IU
SRR8910757,IU
SRR8910758,IU
SRR8910759,IU
SRR8910760,IU
SRR8910761,IU
SRR8910762,IU
SRR8910763,IU
SRR8910764,IU
SRR8910765,IU
SRR8910766,IU
SRR8910767,IU
SRR8910768,IU
SRR8910769,IU
SRR8910770,IU
SRR8910771,IU
SRR8910772,IU
SRR8910773,IU
SRR9018377,IU
SRR9018378,IU
SRR9018379,IU
SRR9018380,IU
SRR9018381,IU
SRR9018382,IU
SRR9018383,IU
SRR9018384,IU
SRR9018385,IU
SRR9018386,IU
SRR9018387,IU
SRR9018388,IU
SRR9113176,ISR
SRR9113177,ISR
SRR9113178,ISR
SRR9113179,ISR
SRR9204451,ISR
SRR9204452,ISR
SRR9204453,ISR
SRR9204454,ISR
SRR9669713,IU
SRR9669714,IU
SRR9669715,IU
SRR9717301,IU
SRR9717302,IU
SRR9717303,IU
SRR9717304,IU
SRR9717305,IU
SRR9717306,IU
SRR9717307,IU
SRR9717308,IU
SRR9717309,IU
SRR9717310,IU
SRR9717311,IU
SRR9717312,IU
