run	bioproject	outcome	reason	percent_mapped	num_mapped	reads_raw
ERR5884010	PRJEB44480	flagged	low_mapping_rate(<30%)	25.172976073107993	11091867	88239978
ERR5936494	PRJEB44480	flagged	low_mapping_rate(<30%)	24.197388811645176	8919565	74553844
ERR5950349	PRJEB44480	flagged	low_mapping_rate(<30%)	19.860372081893356	8085481	81503872
SRR27232036	PRJNA1051631	flagged	low_depth(<1,000,000 mapped)	85.06327439292062	990185	2338418
SRR27232037	PRJNA1051631	flagged	low_depth(<1,000,000 mapped)	67.3943558102099	954976	2840328
SRR29750386	PRJNA1131644	flagged	low_mapping_rate(<30%)	7.752522965389456	1996110	52889162
SRR29750387	PRJNA1131644	flagged	low_mapping_rate(<30%)	12.282616771376288	2860011	46583126
SRR29750388	PRJNA1131644	flagged	low_mapping_rate(<30%)	10.839969669285516	2875580	53057488
SRR32012361	PRJNA1211037	flagged	low_mapping_rate(<30%)	26.93027702526889	47158245	352633326
SRR32012365	PRJNA1211037	flagged	low_mapping_rate(<30%)	28.53755575594571	50076726	352357304
SRR33420033	PRJNA1258708	flagged	low_depth(<1,000,000 mapped)	82.59140637089627	176127	466846
SRR33420034	PRJNA1258708	flagged	low_depth(<1,000,000 mapped)	80.33949711378534	180653	461946
SRR33420035	PRJNA1258708	flagged	low_depth(<1,000,000 mapped)	88.16415122375767	166133	385930
SRR33420036	PRJNA1258708	flagged	low_depth(<1,000,000 mapped)	78.0158719950609	181965	479042
SRR33420037	PRJNA1258708	flagged	low_depth(<1,000,000 mapped)	79.21748772374465	125025	323716
SRR33420038	PRJNA1258708	flagged	low_depth(<1,000,000 mapped)	83.01687619099845	181665	449270
SRR33420039	PRJNA1258708	flagged	low_depth(<1,000,000 mapped)	90.35503261848454	123406	286610
SRR33420040	PRJNA1258708	flagged	low_depth(<1,000,000 mapped)	81.29256468664214	139181	348292
SRR33420041	PRJNA1258708	flagged	low_depth(<1,000,000 mapped)	79.04244792327405	186918	475626
SRR33420042	PRJNA1258708	flagged	low_depth(<1,000,000 mapped)	78.65665319953082	241413	619498
SRR33420043	PRJNA1258708	flagged	low_depth(<1,000,000 mapped)	79.00881010658183	224020	579140
SRR33420044	PRJNA1258708	flagged	low_depth(<1,000,000 mapped)	80.43133178122783	258413	651802
SRR33420045	PRJNA1258708	flagged	low_depth(<1,000,000 mapped)	81.20046272447108	179695	448562
SRR33420046	PRJNA1258708	flagged	low_depth(<1,000,000 mapped)	91.14303208254768	261987	586728
SRR33420047	PRJNA1258708	flagged	low_depth(<1,000,000 mapped)	79.66304344341906	248524	636600
SRR33420048	PRJNA1258708	flagged	low_depth(<1,000,000 mapped)	84.36185829865673	229293	554176
SRR33420049	PRJNA1258708	flagged	low_depth(<1,000,000 mapped)	82.32710437543898	249666	612522
SRR33420050	PRJNA1258708	flagged	low_depth(<1,000,000 mapped)	83.91226794846752	262032	629004
SRR33420051	PRJNA1258708	flagged	low_mapping_rate(<30%);low_depth(<1,000,000 mapped)	21.984294819656615	14866	199672
SRR33420052	PRJNA1258708	flagged	low_depth(<1,000,000 mapped)	87.83011505249112	209322	479934
SRR33420053	PRJNA1258708	flagged	low_depth(<1,000,000 mapped)	84.71721757869382	217004	517544
SRR33420054	PRJNA1258708	flagged	low_depth(<1,000,000 mapped)	89.6235328080201	273203	621046
SRR33420055	PRJNA1258708	flagged	low_depth(<1,000,000 mapped)	82.45012879650153	275268	675936
SRR33420056	PRJNA1258708	flagged	low_depth(<1,000,000 mapped)	82.51669814070797	260426	637052
SRR33420057	PRJNA1258708	flagged	low_depth(<1,000,000 mapped)	94.10329567556944	138856	306608
SRR33420058	PRJNA1258708	flagged	low_depth(<1,000,000 mapped)	94.09145770207881	222961	482112
SRR33420059	PRJNA1258708	flagged	low_depth(<1,000,000 mapped)	91.59413290215554	174474	385140
SRR33420060	PRJNA1258708	flagged	low_depth(<1,000,000 mapped)	94.32038670858263	279028	601048
SRR33420061	PRJNA1258708	flagged	low_depth(<1,000,000 mapped)	95.09381422793875	243831	521076
SRR33420062	PRJNA1258708	flagged	low_depth(<1,000,000 mapped)	94.97181073615172	293952	625462
SRR33420063	PRJNA1258708	flagged	low_depth(<1,000,000 mapped)	93.54425946877862	277804	602058
SRR33420064	PRJNA1258708	flagged	low_depth(<1,000,000 mapped)	86.61294325464605	118658	280272
SRR33420065	PRJNA1258708	flagged	low_depth(<1,000,000 mapped)	94.19492315252572	222349	480942
SRR33420066	PRJNA1258708	flagged	low_depth(<1,000,000 mapped)	93.4852650658846	229511	497806
SRR33420067	PRJNA1258708	flagged	low_depth(<1,000,000 mapped)	94.76913619598379	249747	536114
SRR33420068	PRJNA1258708	flagged	low_depth(<1,000,000 mapped)	86.59495005635866	333420	776996
SRR33420069	PRJNA1258708	flagged	low_depth(<1,000,000 mapped)	89.85436473638721	207923	471936
SRR33420070	PRJNA1258708	flagged	low_depth(<1,000,000 mapped)	91.16635096338828	246419	550616
SRR33420071	PRJNA1258708	flagged	low_depth(<1,000,000 mapped)	92.09422043376202	101614	228142
SRR33420072	PRJNA1258708	flagged	low_depth(<1,000,000 mapped)	93.79656905215734	151564	327270
SRR33420073	PRJNA1258708	flagged	low_depth(<1,000,000 mapped)	92.53194279266917	212408	470442
SRR33420074	PRJNA1258708	flagged	low_depth(<1,000,000 mapped)	93.29120332384826	160320	347438
SRR33420075	PRJNA1258708	flagged	low_depth(<1,000,000 mapped)	89.72109908812142	178187	401206
SRR33420076	PRJNA1258708	flagged	low_depth(<1,000,000 mapped)	92.77114078238463	158416	346290
SRR33420077	PRJNA1258708	flagged	low_depth(<1,000,000 mapped)	93.0208652289926	127593	278126
SRR33420078	PRJNA1258708	flagged	low_depth(<1,000,000 mapped)	93.11774758915878	181439	394700
SRR33420079	PRJNA1258708	flagged	low_depth(<1,000,000 mapped)	92.06687802043413	125164	277220
SRR33420080	PRJNA1258708	flagged	low_depth(<1,000,000 mapped)	79.76948432304211	219256	559632
SRR33420081	PRJNA1258708	flagged	low_depth(<1,000,000 mapped)	92.42267399324419	237493	520584
SRR33420082	PRJNA1258708	flagged	low_depth(<1,000,000 mapped)	94.0605148587642	163765	351804
SRR33420083	PRJNA1258708	flagged	low_depth(<1,000,000 mapped)	94.2908411307798	303724	653292
SRR33420084	PRJNA1258708	flagged	low_depth(<1,000,000 mapped)	87.68510839947874	310863	713438
SRR33420085	PRJNA1258708	flagged	low_depth(<1,000,000 mapped)	85.9588973693844	218376	516378
SRR33420086	PRJNA1258708	flagged	low_depth(<1,000,000 mapped)	88.7506132894859	133859	306772
SRR33420087	PRJNA1258708	flagged	low_depth(<1,000,000 mapped)	87.05738705738706	178963	417572
SRR33420088	PRJNA1258708	flagged	low_depth(<1,000,000 mapped)	87.39535773846953	159833	369828
SRR33420089	PRJNA1258708	flagged	low_depth(<1,000,000 mapped)	84.27878813767474	157839	377892
SRR33420090	PRJNA1258708	flagged	low_depth(<1,000,000 mapped)	84.34870311131034	82795	200022
SRR33420091	PRJNA1258708	flagged	low_depth(<1,000,000 mapped)	80.1084431349132	183792	467232
SRR33420092	PRJNA1258708	flagged	low_depth(<1,000,000 mapped)	83.64444862112566	195815	470984
SRR33420093	PRJNA1258708	flagged	low_depth(<1,000,000 mapped)	77.18165917898419	112527	292632
SRR33420094	PRJNA1258708	flagged	low_depth(<1,000,000 mapped)	86.49477906550895	299944	697272
SRR33420095	PRJNA1258708	flagged	low_depth(<1,000,000 mapped)	84.39432126162836	311080	742010
SRR33420096	PRJNA1258708	flagged	low_depth(<1,000,000 mapped)	86.29900719005681	160114	374336
SRR33420097	PRJNA1258708	flagged	low_depth(<1,000,000 mapped)	91.69526252068573	255993	562060
SRR33420098	PRJNA1258708	flagged	low_depth(<1,000,000 mapped)	81.97892213176165	311847	769736
SRR33420099	PRJNA1258708	flagged	low_depth(<1,000,000 mapped)	71.19954140294988	151529	435166
SRR33420100	PRJNA1258708	flagged	low_mapping_rate(<30%);low_depth(<1,000,000 mapped)	19.829256795684284	3786	49838
SRR33420101	PRJNA1258708	flagged	low_depth(<1,000,000 mapped)	82.62050130228928	313406	765238
SRR33420102	PRJNA1258708	flagged	low_depth(<1,000,000 mapped)	77.69973694099961	206759	545918
SRR33420103	PRJNA1258708	flagged	low_depth(<1,000,000 mapped)	89.40976314683667	261714	587908
SRR33420104	PRJNA1258708	flagged	low_depth(<1,000,000 mapped)	84.34362394463075	334759	799148
SRR3614505	PRJNA317338	flagged	low_depth(<1,000,000 mapped)	71.43863511282333	32451	45425
SRR3614506	PRJNA317338	flagged	low_depth(<1,000,000 mapped)	71.1304347826087	33947	47725
SRR3632209	PRJNA324550	flagged	fastqc_per_base_quality_fail	71.97303667663662	21430053	63299644
SRR4014626	PRJNA335885	flagged	low_depth(<1,000,000 mapped)	70.33561465295972	739330	2161162
SRR4014637	PRJNA335885	flagged	low_depth(<1,000,000 mapped)	78.23889260695417	232641	641202
SRR4014640	PRJNA335885	flagged	low_depth(<1,000,000 mapped)	83.5393641906661	544614	1392794
SRR4014641	PRJNA335885	flagged	low_depth(<1,000,000 mapped)	74.72576639620347	148643	445256
SRR4014643	PRJNA335885	flagged	low_depth(<1,000,000 mapped)	69.92300384648601	105253	326308
SRR4014645	PRJNA335885	flagged	low_depth(<1,000,000 mapped)	73.51561385399096	175198	522214
SRR5258966	PRJNA356226	flagged	low_mapping_rate(<30%)	12.398634043981632	2009660	32469122
SRR5258967	PRJNA356226	flagged	low_mapping_rate(<30%)	12.379700160078617	1997953	32326000
SRR5258970	PRJNA356226	flagged	low_mapping_rate(<30%)	22.206670666561244	1603734	14470854
SRR5258971	PRJNA356226	flagged	low_mapping_rate(<30%)	22.17846823723047	1594902	14407260
SRR5258972	PRJNA356226	flagged	low_mapping_rate(<30%)	26.142049329065802	3200689	24559880
SRR5258973	PRJNA356226	flagged	low_mapping_rate(<30%)	26.11984838279902	3187776	24477534
SRR5258976	PRJNA356226	flagged	low_mapping_rate(<30%)	25.71274330950319	1249339	9737038
SRR5258977	PRJNA356226	flagged	low_mapping_rate(<30%)	25.643130166024797	1242533	9708514
SRR5258978	PRJNA356226	flagged	low_mapping_rate(<30%)	23.948510390035	3159925	26456422
SRR5258979	PRJNA356226	flagged	low_mapping_rate(<30%)	23.933282243994423	3151795	26401066
SRR5258986	PRJNA356226	flagged	low_mapping_rate(<30%)	13.81978796954479	1256664	18212866
SRR5258987	PRJNA356226	flagged	low_mapping_rate(<30%)	13.82553151639313	1253409	18156250
SRR5258988	PRJNA356226	flagged	low_mapping_rate(<30%)	14.744320349252153	1961563	26643630
SRR5258989	PRJNA356226	flagged	low_mapping_rate(<30%)	14.702379414060331	1951307	26577650
SRR5258998	PRJNA356226	flagged	low_mapping_rate(<30%)	21.448652511461212	7545533	70477932
SRR5258999	PRJNA356226	flagged	low_mapping_rate(<30%)	21.421380944764685	7508257	70211736
SRR5259000	PRJNA356226	flagged	low_mapping_rate(<30%)	12.974724143681238	1477549	22815170
SRR5259001	PRJNA356226	flagged	low_mapping_rate(<30%)	12.95931081053761	1467922	22690730
SRR5259002	PRJNA356226	flagged	low_mapping_rate(<30%)	22.76349531567886	4549860	40038372
SRR5259003	PRJNA356226	flagged	low_mapping_rate(<30%)	22.758633798784743	4513835	39726382
SRR5259004	PRJNA356226	flagged	low_mapping_rate(<30%)	21.153599881026395	1638612	15519218
SRR5259005	PRJNA356226	flagged	low_mapping_rate(<30%)	21.1569337316866	1630578	15438468
SRR5259006	PRJNA356226	flagged	low_mapping_rate(<30%)	16.62946678072461	2774641	33424022
SRR5259007	PRJNA356226	flagged	low_mapping_rate(<30%)	16.607729099638703	2753792	33213316
SRR5259008	PRJNA356226	flagged	low_mapping_rate(<30%)	11.56961709401441	1474174	25523060
SRR5259009	PRJNA356226	flagged	low_mapping_rate(<30%)	11.561074428328961	1466806	25411310
SRR5259010	PRJNA356226	flagged	low_mapping_rate(<30%)	11.66192582738154	1341909	23055408
SRR5259011	PRJNA356226	flagged	low_mapping_rate(<30%)	11.63952842679674	1335423	22986342
SRR5259018	PRJNA356226	flagged	low_mapping_rate(<30%)	22.841270385758875	3648977	31995292
SRR5259019	PRJNA356226	flagged	low_mapping_rate(<30%)	9.196553366732347	1460900	31811646
SRR5259020	PRJNA356226	flagged	low_mapping_rate(<30%)	11.89302585453715	1514924	25520210
SRR5259021	PRJNA356226	flagged	low_mapping_rate(<30%)	11.849848051780427	1502909	25407706
SRR5259022	PRJNA356226	flagged	low_mapping_rate(<30%)	22.860165906654696	4632670	40585026
SRR5259023	PRJNA356226	flagged	low_mapping_rate(<30%)	22.85133907572541	4590914	40231874
SRR5259024	PRJNA356226	flagged	low_mapping_rate(<30%)	22.57116109877765	2320637	20599232
SRR5259025	PRJNA356226	flagged	low_mapping_rate(<30%)	22.559731798618508	2318072	20585096
SRR6432908	PRJNA427493	flagged	low_mapping_rate(<30%)	19.564433626839165	5514461	57968130
SRR7252568	PRJNA474275	flagged	low_mapping_rate(<30%)	24.578362844395407	6742788	55240382
SRR7252569	PRJNA474275	flagged	low_mapping_rate(<30%)	27.19607459237119	4249103	31672900
SRR7502899	PRJNA479814	flagged	low_mapping_rate(<30%)	20.52489385734771	1051744	10335106
SRR7502900	PRJNA479814	flagged	low_mapping_rate(<30%)	20.491324087318862	1037862	10222896
SRR7502903	PRJNA479814	flagged	low_mapping_rate(<30%)	21.623547082841192	1607757	14984250
SRR7502904	PRJNA479814	flagged	low_mapping_rate(<30%);fastqc_per_base_quality_fail	21.659564578626917	1590900	14800828
SRR7502905	PRJNA479814	flagged	low_mapping_rate(<30%);fastqc_per_base_quality_fail	21.615216944781626	1573256	14673048
SRR7502906	PRJNA479814	flagged	low_mapping_rate(<30%)	20.552235088431278	1068559	10486014
SRR7502909	PRJNA479814	flagged	low_mapping_rate(<30%);low_depth(<1,000,000 mapped)	23.66513321360919	480982	4099750
SRR7502910	PRJNA479814	flagged	low_mapping_rate(<30%);low_depth(<1,000,000 mapped)	23.54760061938074	490736	4203012
SRR7502911	PRJNA479814	flagged	low_mapping_rate(<30%);low_depth(<1,000,000 mapped)	17.50137095262373	399571	4606632
SRR7502912	PRJNA479814	flagged	low_mapping_rate(<30%);low_depth(<1,000,000 mapped)	17.516707763900172	405554	4669212
SRR7502913	PRJNA479814	flagged	low_mapping_rate(<30%);low_depth(<1,000,000 mapped)	17.516779515373393	414835	4775234
SRR7502914	PRJNA479814	flagged	low_mapping_rate(<30%);low_depth(<1,000,000 mapped)	23.583431914873447	472674	4044508
SRR7502919	PRJNA479814	flagged	low_mapping_rate(<30%);low_depth(<1,000,000 mapped)	18.65236881977058	763636	8262264
SRR7502920	PRJNA479814	flagged	low_mapping_rate(<30%);low_depth(<1,000,000 mapped)	23.452615561098202	519698	4433902
SRR7502921	PRJNA479814	flagged	low_mapping_rate(<30%);low_depth(<1,000,000 mapped)	22.40568552712188	642954	5788738
SRR7502922	PRJNA479814	flagged	low_mapping_rate(<30%);low_depth(<1,000,000 mapped)	22.357922335225123	632403	5709668
SRR7502923	PRJNA479814	flagged	low_mapping_rate(<30%);low_depth(<1,000,000 mapped)	26.5401266563075	608559	4616908
SRR7502924	PRJNA479814	flagged	low_mapping_rate(<30%);low_depth(<1,000,000 mapped)	22.370821266656762	659537	5947442
SRR7502925	PRJNA479814	flagged	low_mapping_rate(<30%);low_depth(<1,000,000 mapped)	26.458418308012284	627926	4777872
SRR7502926	PRJNA479814	flagged	low_mapping_rate(<30%);low_depth(<1,000,000 mapped)	26.53496296156041	616620	4677182
SRR7502927	PRJNA479814	flagged	low_mapping_rate(<30%);low_depth(<1,000,000 mapped)	23.528282699825503	497678	4291040
SRR7502928	PRJNA479814	flagged	low_mapping_rate(<30%);low_depth(<1,000,000 mapped)	23.568362790987806	491180	4228200
SRR7502929	PRJNA479814	flagged	low_depth(<1,000,000 mapped)	44.11380567345762	859936	4139644
SRR7502930	PRJNA479814	flagged	low_depth(<1,000,000 mapped)	44.09241252651517	850372	4177454
SRR7502933	PRJNA479814	flagged	low_mapping_rate(<30%);low_depth(<1,000,000 mapped)	18.70436113420821	776072	8368184
SRR7502934	PRJNA479814	flagged	low_mapping_rate(<30%);low_depth(<1,000,000 mapped)	18.671404164241594	795596	8592452
SRR7502940	PRJNA479814	flagged	low_mapping_rate(<30%)	29.593848784838922	2140959	14609328
SRR7502941	PRJNA479814	flagged	low_mapping_rate(<30%)	29.596787821880906	2115666	14426910
SRR7502942	PRJNA479814	flagged	low_mapping_rate(<30%)	29.556053035832715	2091021	14286756
SRR7502943	PRJNA479814	flagged	low_mapping_rate(<30%)	23.142007904594493	1184065	10306212
SRR7502944	PRJNA479814	flagged	low_mapping_rate(<30%)	23.13623053031138	1167109	10157754
SRR7502945	PRJNA479814	flagged	low_mapping_rate(<30%)	23.074511411819092	1152561	10062878
SRR7502946	PRJNA479814	flagged	low_depth(<1,000,000 mapped)	44.11402766817375	809443	4228462
SRR7502949	PRJNA479814	flagged	low_mapping_rate(<30%)	28.277506898476357	2960776	21139636
SRR7502950	PRJNA479814	flagged	low_mapping_rate(<30%)	28.27678173899123	2986879	21310068
SRR7502951	PRJNA479814	flagged	low_mapping_rate(<30%)	28.300141002681777	3018825	21519804
SRR7502958	PRJNA479814	flagged	low_mapping_rate(<30%);fastqc_per_base_quality_fail	18.607752577710603	1216696	13174364
SRR7502959	PRJNA479814	flagged	low_mapping_rate(<30%)	26.319334109294886	1055539	8081592
SRR7502960	PRJNA479814	flagged	low_mapping_rate(<30%)	26.360134601148623	1064345	8135548
SRR7502961	PRJNA479814	flagged	low_mapping_rate(<30%);low_depth(<1,000,000 mapped)	13.467736949880358	459661	6876676
SRR7502962	PRJNA479814	flagged	low_mapping_rate(<30%);low_depth(<1,000,000 mapped)	13.505756105783798	471109	7028378
SRR7502963	PRJNA479814	flagged	low_mapping_rate(<30%);low_depth(<1,000,000 mapped)	12.70603873744743	443140	7047088
SRR7502964	PRJNA479814	flagged	low_mapping_rate(<30%);low_depth(<1,000,000 mapped)	12.716270617128359	452024	7179040
SRR7502965	PRJNA479814	flagged	low_mapping_rate(<30%);low_depth(<1,000,000 mapped)	12.692617657666702	465238	7403056
SRR7502966	PRJNA479814	flagged	low_mapping_rate(<30%);low_depth(<1,000,000 mapped)	28.450194712566194	980862	6977650
SRR7502967	PRJNA479814	flagged	low_mapping_rate(<30%);low_depth(<1,000,000 mapped)	28.432754831185253	996609	7091070
SRR7502968	PRJNA479814	flagged	low_mapping_rate(<30%)	28.444612440460887	1030201	7327638
SRR7502974	PRJNA479814	flagged	low_mapping_rate(<30%)	26.439890347565303	1073197	8190356
SRR7502979	PRJNA479814	flagged	low_mapping_rate(<30%);low_depth(<1,000,000 mapped)	22.625557710974036	795094	7076114
SRR7502980	PRJNA479814	flagged	low_mapping_rate(<30%);low_depth(<1,000,000 mapped)	13.508692428724462	454606	6783092
SRR7502981	PRJNA479814	flagged	low_mapping_rate(<30%);low_depth(<1,000,000 mapped)	21.09009677863711	770111	7359286
SRR7502982	PRJNA479814	flagged	low_mapping_rate(<30%);low_depth(<1,000,000 mapped)	21.10107361586082	789549	7545146
SRR7502983	PRJNA479814	flagged	low_mapping_rate(<30%);low_depth(<1,000,000 mapped)	22.640098116645344	769402	6845900
SRR7502984	PRJNA479814	flagged	low_mapping_rate(<30%);low_depth(<1,000,000 mapped)	22.605809451862434	777721	6927708
SRR7502988	PRJNA479814	flagged	low_mapping_rate(<30%);low_depth(<1,000,000 mapped)	21.108323230923766	761773	7275504
SRR7502989	PRJNA479814	flagged	low_mapping_rate(<30%);fastqc_per_base_quality_fail	12.814426796244849	2801083	46351818
SRR7502990	PRJNA479814	flagged	low_mapping_rate(<30%);fastqc_per_base_quality_fail	12.860281141471058	2856391	45787850
SRR7502991	PRJNA479814	flagged	low_mapping_rate(<30%);fastqc_per_base_quality_fail	12.884315965274812	2860900	45417606
SRR7502992	PRJNA479814	flagged	low_mapping_rate(<30%)	24.239382991452597	1306630	12721594
SRR7502993	PRJNA479814	flagged	low_mapping_rate(<30%);fastqc_per_base_quality_fail	24.35231595527568	1386663	12549540
SRR7502994	PRJNA479814	flagged	low_mapping_rate(<30%)	24.394995569791327	1408841	12444696
SRR7502995	PRJNA479814	flagged	low_mapping_rate(<30%)	18.624341316222832	1244634	13477208
SRR7502996	PRJNA479814	flagged	low_mapping_rate(<30%);fastqc_per_base_quality_fail	18.622843695132143	1229098	13293314
SRR7503001	PRJNA479814	flagged	low_mapping_rate(<30%)	25.700666456335398	2601047	20372234
SRR7503003	PRJNA479814	flagged	low_mapping_rate(<30%)	25.669290988557442	2540759	19925498
SRR7503004	PRJNA479814	flagged	low_mapping_rate(<30%)	25.699904334211425	2569029	20116726
SRR7651058	PRJNA480179	flagged	low_mapping_rate(<30%)	11.22329818220319	5442204	98766078
SRR7651073	PRJNA480179	flagged	low_mapping_rate(<30%)	27.1358560675613	11555829	85172660
SRR7651077	PRJNA480179	flagged	low_mapping_rate(<30%)	24.299717310680013	9336017	76842348
SRR7651080	PRJNA480179	flagged	low_mapping_rate(<30%)	27.68549671110097	6117260	52027652
SRR7651081	PRJNA480179	flagged	low_mapping_rate(<30%)	14.729363475479811	1318277	37664146
SRR7651082	PRJNA480179	flagged	low_mapping_rate(<30%)	26.975877418519772	7061019	53399202
SRR7651083	PRJNA480179	flagged	low_mapping_rate(<30%)	20.387511382987856	4920017	54923158
SRR7651084	PRJNA480179	flagged	low_mapping_rate(<30%)	28.943371178907253	7350972	61058770
SRR7651085	PRJNA480179	flagged	low_mapping_rate(<30%)	22.120590982816005	2889400	31209038
SRR7651087	PRJNA480179	flagged	low_mapping_rate(<30%)	29.314954030221823	9308324	63509240
SRR7651092	PRJNA480179	flagged	low_mapping_rate(<30%)	26.317048190073823	5630813	49431568
SRR7651095	PRJNA480179	flagged	low_mapping_rate(<30%)	25.764060432702728	7389005	66409356
SRR7651099	PRJNA480179	flagged	low_mapping_rate(<30%)	26.122458108231704	6786065	59443080
SRR7651114	PRJNA480179	flagged	low_mapping_rate(<30%)	29.51198357215228	7099038	48119488
SRR7651116	PRJNA480179	flagged	low_mapping_rate(<30%)	24.505538649031585	5735562	59512016
SRR7651117	PRJNA480179	flagged	low_mapping_rate(<30%)	25.44835352609065	8643319	67931518
SRR7651119	PRJNA480179	flagged	low_mapping_rate(<30%)	13.54812108333573	3355151	53425184
SRR7651120	PRJNA480179	flagged	low_mapping_rate(<30%)	21.976896441540575	6157035	56040304
SRR7651129	PRJNA480179	flagged	low_mapping_rate(<30%);fastqc_per_base_quality_fail	16.596422768146077	7713380	98948276
SRR7651130	PRJNA480179	flagged	low_mapping_rate(<30%);fastqc_per_base_quality_fail	23.712465360541284	11982033	105938400
SRR7651131	PRJNA480179	flagged	low_mapping_rate(<30%)	28.604918985008542	13202417	96100524
SRR7651132	PRJNA480179	flagged	low_mapping_rate(<30%);fastqc_per_base_quality_fail	14.396978144821324	5586219	83471968
SRR7651133	PRJNA480179	flagged	low_mapping_rate(<30%)	6.734141528758358	1451151	46142684
SRR7651134	PRJNA480179	flagged	low_mapping_rate(<30%)	6.628702225198722	2073398	67043414
SRR7651135	PRJNA480179	flagged	low_mapping_rate(<30%)	17.857430320632282	5761694	66972866
SRR7651136	PRJNA480179	flagged	low_mapping_rate(<30%)	16.098121919870586	3619900	47301722
SRR7982799	PRJNA480179	flagged	low_mapping_rate(<30%)	28.073438662354732	10918687	77812890
SRR7982803	PRJNA480179	flagged	low_mapping_rate(<30%)	29.141524316844354	10936854	75087382
SRR7982804	PRJNA480179	flagged	low_mapping_rate(<30%)	29.994399958423053	10786656	71963772
SRR7982831	PRJNA480179	flagged	low_mapping_rate(<30%)	27.52303425605843	8653905	62902724
SRR7982832	PRJNA480179	flagged	low_mapping_rate(<30%)	26.230210441646673	10450583	79708926
SRR7982836	PRJNA480179	flagged	low_mapping_rate(<30%)	26.04156359800291	11385594	87478896
SRR10593240	PRJNA593053	flagged	low_mapping_rate(<30%)	27.895000844603402	7247849	52312026
SRR10593241	PRJNA593053	flagged	low_mapping_rate(<30%)	27.023881358100514	7530668	56149668
SRR10593242	PRJNA593053	flagged	low_mapping_rate(<30%)	26.776817830805143	7024406	53080420
SRR10593246	PRJNA593053	flagged	low_mapping_rate(<30%)	28.582395170577872	7875907	55624830
SRR11612674	PRJNA628529	flagged	low_mapping_rate(<30%)	26.060717081770076	5066040	38879066
SRR11612675	PRJNA628529	flagged	low_mapping_rate(<30%)	26.059593905782176	4748150	36441010
SRR11612677	PRJNA628529	flagged	low_mapping_rate(<30%)	11.800610097676016	2153518	36499374
SRR11612678	PRJNA628529	flagged	low_mapping_rate(<30%)	11.751056212264626	2143803	36487942
SRR11612679	PRJNA628529	flagged	low_mapping_rate(<30%)	22.753740792238027	4145474	36438480
SRR11612680	PRJNA628529	flagged	low_mapping_rate(<30%)	22.7268835360171	4138093	36416536
SRR11612682	PRJNA628529	flagged	low_mapping_rate(<30%)	9.327918499651682	1701460	36481368
SRR11612683	PRJNA628529	flagged	low_mapping_rate(<30%)	9.306404941691964	1696892	36467582
SRR11612684	PRJNA628529	flagged	low_mapping_rate(<30%)	14.226611323368877	2763373	38848424
SRR11612685	PRJNA628529	flagged	low_mapping_rate(<30%)	14.198943592826943	2584959	36411066
SRR11612686	PRJNA628529	flagged	low_mapping_rate(<30%)	20.475196190846926	3732410	36458416
SRR11612687	PRJNA628529	flagged	low_mapping_rate(<30%)	20.456977912384865	3727925	36446984
SRR14069284	PRJNA716503	flagged	low_mapping_rate(<30%)	25.107242584703116	33116109	264138736
SRR14069285	PRJNA716503	flagged	low_mapping_rate(<30%)	18.862639115811692	24829364	263562622
SRR15412721	PRJNA753664	flagged	low_mapping_rate(<30%);low_depth(<1,000,000 mapped)	0.001429971543566283	39	5459126
SRR19571077	PRJNA770031	flagged	low_mapping_rate(<30%)	22.143199595625557	11482336	103913488
SRR19571098	PRJNA770031	flagged	low_mapping_rate(<30%)	27.031551762271476	19248140	143851408
SRR16912974	PRJNA778336	flagged	low_mapping_rate(<30%)	26.69441333617357	18264698	136946046
SRR16912976	PRJNA778336	flagged	low_mapping_rate(<30%)	21.488970854292194	17578989	163784544
SRR18171688	PRJNA811175	flagged	fastqc_per_base_quality_fail	77.16574611876483	3379301	12823324
SRR22018131	PRJNA893415	flagged	low_mapping_rate(<30%)	27.59095499365529	9904063	72293776
SRR22730664	PRJNA910309	flagged	low_mapping_rate(<30%)	22.625108865602005	5527134	49300316
SRR22696839	PRJNA911338	flagged	low_mapping_rate(<30%)	26.729942138268193	8465876	63359282
SRR22796771	PRJNA912140	flagged	low_mapping_rate(<30%)	27.04241725486009	10181823	75305088
SRR24724155	PRJNA974890	flagged	low_mapping_rate(<30%);low_depth(<1,000,000 mapped)	0.38086789532922866	72696	38179360
SRR24724156	PRJNA974890	flagged	low_mapping_rate(<30%);low_depth(<1,000,000 mapped)	0.55070205532543	133390	48450158
SRR24724157	PRJNA974890	flagged	low_mapping_rate(<30%);low_depth(<1,000,000 mapped)	0.3875692917922298	92067	47515782
SRR24724158	PRJNA974890	flagged	low_mapping_rate(<30%);low_depth(<1,000,000 mapped)	0.4138579511978835	106258	51356312
SRR24724176	PRJNA974890	flagged	low_mapping_rate(<30%);low_depth(<1,000,000 mapped)	0.34406859890647035	88991	51734860
SRR24724177	PRJNA974890	flagged	low_mapping_rate(<30%);low_depth(<1,000,000 mapped)	2.1671332864356376	592995	54732546
SRR24724178	PRJNA974890	flagged	low_mapping_rate(<30%);low_depth(<1,000,000 mapped)	2.9055490138244906	608395	41883232
SRR24724179	PRJNA974890	flagged	low_mapping_rate(<30%);low_depth(<1,000,000 mapped)	2.418851214708397	522663	43220864
SRR24724185	PRJNA974890	flagged	low_mapping_rate(<30%);low_depth(<1,000,000 mapped)	0.8236712870073859	191701	46553904
SRR24724186	PRJNA974890	flagged	low_mapping_rate(<30%);low_depth(<1,000,000 mapped)	0.7108737629143907	146122	41115952
SRR24724187	PRJNA974890	flagged	low_mapping_rate(<30%);low_depth(<1,000,000 mapped)	0.8087474187293954	163491	40436500
SRR24724188	PRJNA974890	flagged	low_mapping_rate(<30%);low_depth(<1,000,000 mapped)	0.3154525854172976	81624	51757338
SRR2003279	PRJNA281747	not_processed	no_output			
SRR2003281	PRJNA281747	not_processed	no_output			
SRR2003285	PRJNA281747	not_processed	no_output			
SRR6432921	PRJNA428022	not_processed	no_output			
SRR6432922	PRJNA428022	not_processed	no_output			
SRR6432923	PRJNA428022	not_processed	no_output			
SRR6432924	PRJNA428022	not_processed	no_output			
