bioproject	n_runs	n_flagged	instruments	library_types	reads_raw_median	reads_raw_q1	reads_raw_q3	reads_trimmed_median	reads_trimmed_q1	reads_trimmed_q3	reads_retained_pct_median	reads_retained_pct_q1	reads_retained_pct_q3	cutadapt_pct_reads_with_adapters_median	cutadapt_pct_reads_with_adapters_q1	cutadapt_pct_reads_with_adapters_q3	cutadapt_pct_bp_removed_median	cutadapt_pct_bp_removed_q1	cutadapt_pct_bp_removed_q3	fastqc_raw_percent_gc_median	fastqc_raw_percent_gc_q1	fastqc_raw_percent_gc_q3	fastqc_raw_percent_duplicates_median	fastqc_raw_percent_duplicates_q1	fastqc_raw_percent_duplicates_q3	fastqc_raw_avg_read_length_median	fastqc_raw_avg_read_length_q1	fastqc_raw_avg_read_length_q3	fastqc_trimmed_avg_read_length_median	fastqc_trimmed_avg_read_length_q1	fastqc_trimmed_avg_read_length_q3	num_processed_median	num_processed_q1	num_processed_q3	num_mapped_median	num_mapped_q1	num_mapped_q3	percent_mapped_median	percent_mapped_q1	percent_mapped_q3	pct_decoy_median	pct_decoy_q1	pct_decoy_q3	compatible_fragment_ratio_median	compatible_fragment_ratio_q1	compatible_fragment_ratio_q3	strand_mapping_bias_median	strand_mapping_bias_q1	strand_mapping_bias_q3	frag_length_mean_median	frag_length_mean_q1	frag_length_mean_q3	genes_detected_gt0_median	genes_detected_gt0_q1	genes_detected_gt0_q3	genes_frac_ge1_median	genes_frac_ge1_q1	genes_frac_ge1_q3	tx_detected_gt0_median	tx_detected_gt0_q1	tx_detected_gt0_q3	tx_frac_ge1_median	tx_frac_ge1_q1	tx_frac_ge1_q3
PRJEB38368	2	0	Illumina HiSeq 2500	ISR	21510876.0	21510876.0	21510876.0	21495454.0	21495454.0	21495454.0	99.931	99.931	99.931	42.0147	42.0147	42.0147	1.0905	1.0905	1.0905	51.75	51.75	51.75	48.9613	48.9613	48.9613	100.5362	100.5362	100.5362	99.4738	99.4738	99.4738	10747727.0	10747727.0	10747727.0	8461516.5	8461516.5	8461516.5	79.4506	79.4506	79.4506	9.1246	9.1246	9.1246	1.0	1.0	1.0	0.0	0.0	0.0	168.7647	168.7647	168.7647	95971.5	95971.5	95971.5	0.3148	0.3148	0.3148	111817.0	111817.0	111817.0	0.2306	0.2306	0.2306
PRJEB40481	144	0	Illumina HiSeq 2500	ISR	22595665.0	21508237.5	24041787.0	22535558.0	21436181.0	23988286.0	99.7345	99.6652	99.7918	34.4024	33.9045	35.0534	1.4916	1.4306	1.6294	51.0	51.0	52.0	37.1936	35.9598	39.2463	101.0	101.0	101.0	99.4519	99.3802	99.5272	11267779.0	10718090.5	11994143.0	9720762.0	9349563.75	10232339.25	86.5602	85.6484	87.2151	5.662	5.4373	5.9858	1.0	1.0	1.0	0.0	0.0	0.0	166.0168	163.4146	167.5121	109364.5	105508.25	114777.75	0.3989	0.3752	0.41	129322.5	123839.25	135495.25	0.2941	0.2756	0.3027
PRJEB41560	36	0	Illumina HiSeq 2500	ISR	37785501.0	35089717.0	42901292.0	37704839.0	35008487.5	42751106.5	99.7289	99.6719	99.7661	11.7657	11.4951	12.1058	0.5332	0.4798	0.5722	52.5	52.0	52.625	47.8772	45.0617	49.7968	99.4417	99.3116	99.5623	99.0785	98.911	99.1687	18852419.5	17504243.75	21375553.25	15828783.0	14946531.0	17449184.25	83.7844	82.5813	85.5225	5.9019	5.1832	6.5228	1.0	1.0	1.0	0.0	0.0	0.0	164.4457	161.7656	166.9555	122442.5	121493.25	123521.25	0.399	0.3912	0.4055	145053.0	143467.0	146941.0	0.2883	0.2821	0.2958
PRJEB44302	12	0	Illumina HiSeq 2000;Illumina HiSeq 2500	ISR	43323909.0	40286342.5	45254512.5	43240515.0	40209559.5	45184510.5	99.802	99.7743	99.8138	35.3833	35.1646	35.7764	1.5249	1.4853	1.5442	50.5	50.5	51.0	46.0399	44.4321	47.2332	101.0	101.0	101.0	99.3768	99.3668	99.4272	21620257.5	20104779.75	22592255.25	18197408.5	16767724.25	19408566.75	85.4353	83.3438	86.4684	5.943	5.6204	6.8069	1.0	1.0	1.0	0.0	0.0	0.0	166.0552	165.3711	166.7065	114040.5	106489.25	117854.5	0.3881	0.3538	0.4022	140246.5	128434.25	145329.5	0.2901	0.2668	0.302
PRJEB44480	360	3	Illumina NovaSeq 6000	ISR;IU	70251684.0	65398626.5	74942227.0	70002831.0	64924815.5	74718520.5	99.6375	99.1753	99.7938	34.8434	34.0191	35.4808	0.8492	0.7325	1.2339	47.0	46.0	49.0	70.2431	68.0009	72.8473	101.0	101.0	101.0	100.0906	99.9131	100.1251	35001415.5	32462407.75	37359260.25	22071283.0	18857970.5	24404240.0	63.2447	55.6525	67.7263	13.6257	11.9213	16.9447	1.0	1.0	1.0	0.0	0.0	0.0	184.7232	181.5821	188.1977	107476.5	105012.0	110158.25	0.2986	0.2859	0.3111	131681.0	128013.0	135398.75	0.2136	0.2023	0.2235
PRJEB44944	10	0	Illumina HiSeq 2000;Illumina HiSeq 2500	IU	46301396.0	42410075.5	47678507.0	46274093.0	42400858.5	47663382.5	99.9731	99.9662	99.9781	30.9691	30.6743	31.2147	0.4476	0.4375	0.4663	53.0	52.0	53.0	40.9689	40.3537	41.7041	150.0	150.0	150.0	149.1592	149.1491	149.1759	23137046.5	21200429.25	23831691.25	17629662.0	16685185.0	18926029.5	80.237	74.4117	81.1065	9.4729	8.9627	11.981	1.0	1.0	1.0	0.5028	0.5021	0.503	262.4096	259.6351	270.04	117257.0	116152.75	118228.0	0.3956	0.3931	0.3975	146654.0	144856.25	147191.5	0.3033	0.298	0.3038
PRJEB7529	3	0	Illumina HiSeq 2500	IU	73125170.0	73125170.0	73125170.0	72270706.0	72270706.0	72270706.0	98.8382	98.8382	98.8382	32.8292	32.8292	32.8292	3.5229	3.5229	3.5229	51.0	51.0	51.0	52.1145	52.1145	52.1145	101.0	101.0	101.0	97.9288	97.9288	97.9288	36135353.0	36135353.0	36135353.0	19334893.0	19334893.0	19334893.0	54.3144	54.3144	54.3144	17.0117	17.0117	17.0117	1.0	1.0	1.0	0.5039	0.5039	0.5039	175.013	175.013	175.013	131749.0	131749.0	131749.0	0.3864	0.3864	0.3864	162097.0	162097.0	162097.0	0.2849	0.2849	0.2849
PRJNA1008895	54	0	Illumina NovaSeq 6000	IU	59221007.0	57322908.0	63077083.5	59215393.0	57319345.5	63070364.0	99.9903	99.9893	99.991	34.178	34.123	34.2866	0.3332	0.3311	0.3362	53.0	53.0	54.0	48.294	46.4207	50.9383	149.6492	149.5419	149.7619	148.4619	148.3416	148.5873	29607696.5	28659672.75	31535182.0	23933626.0	22786524.5	25848932.25	81.2571	79.6596	83.0627	9.0465	7.9198	10.0324	1.0	1.0	1.0	0.4964	0.496	0.4967	284.7113	280.3622	289.3085	122702.5	118423.25	128726.5	0.3901	0.3701	0.4106	154902.5	148799.75	162095.75	0.2949	0.2786	0.3092
PRJNA1010968	12	0	Illumina NovaSeq 6000	IU	61776254.0	60381634.0	63788034.0	61772456.0	60377406.0	63784116.0	99.9934	99.9928	99.9939	29.3134	29.2164	29.5432	0.5866	0.5634	0.6331	58.0	58.0	58.0	59.3586	58.7668	60.153	150.0	150.0	150.0	149.0423	148.9733	149.075	30886228.0	30188703.0	31892058.0	26521449.5	25764550.0	27451212.0	85.5841	85.345	85.94	8.1184	8.0307	8.323	1.0	1.0	1.0	0.5003	0.5002	0.5005	289.3018	286.8028	291.3141	114900.5	114551.75	115355.25	0.3289	0.3258	0.3349	140376.0	139881.0	140978.25	0.2398	0.2381	0.2454
PRJNA1045373	18	0	Illumina NovaSeq 6000	IU	61336333.0	54918108.5	65066841.0	61310506.0	54892798.5	65038530.0	99.9555	99.9541	99.9574	33.1826	33.073	33.2873	0.7511	0.7167	0.7949	50.0	49.625	50.0	44.3898	43.1647	47.0822	150.0	150.0	150.0	148.724	148.6428	148.7531	30655253.0	27446399.25	32519265.0	21928810.0	20593648.25	24521706.25	74.1659	73.1317	75.7489	11.3426	11.0496	11.4497	1.0	1.0	1.0	0.4972	0.4966	0.4977	299.1139	293.1685	314.0439	124831.0	121560.0	127773.5	0.4162	0.4064	0.422	157339.5	153386.25	161156.0	0.3141	0.3084	0.3184
PRJNA1051631	17	2	Illumina NovaSeq X	ISR	3944332.0	3236858.0	5719286.0	3942992.0	3229976.0	5705222.0	99.777	99.7423	99.8572	31.1789	29.7612	32.4375	0.6745	0.6195	0.9382	54.5	52.5	56.5	28.4048	22.7038	33.1333	150.0	150.0	150.0	148.939	148.7003	149.0083	1971496.0	1614988.0	2852611.0	1673753.0	1378528.0	2318067.0	85.4368	84.8976	86.6496	6.4913	6.0127	7.0984	1.0	1.0	1.0	0.0	0.0	0.0	213.4512	197.6165	224.5421	69129.0	65365.0	71323.0	0.3013	0.2734	0.3045	74508.0	68906.0	76451.0	0.2065	0.1861	0.2107
PRJNA1055259	12	0	Illumina NovaSeq 6000	IU	44524154.0	41909690.0	45115917.0	44517069.0	41903406.0	45105418.0	99.9844	99.9824	99.9865	33.3146	32.5985	34.4578	1.2712	1.2213	1.3105	53.0	50.75	55.0	52.3671	48.9093	59.717	150.0	150.0	150.0	147.9686	147.8979	148.0655	22258534.5	20951703.0	22552709.0	15299817.5	13301468.5	16585846.0	71.9247	58.7154	76.9856	7.7643	6.1968	8.5347	1.0	1.0	1.0	0.4998	0.4996	0.4999	249.9083	245.1992	251.3528	102537.5	101027.0	103720.0	0.3312	0.3284	0.3356	125184.5	122311.0	126744.75	0.2506	0.2471	0.2528
PRJNA1075467	28	0	Illumina NovaSeq 6000	ISR;IU	38229309.0	32650412.0	42229437.5	37621248.0	31474253.5	41315765.5	99.3272	97.4108	99.6287	32.3804	30.576	34.1827	0.9851	0.8494	4.1228	56.75	54.375	60.5	67.2272	60.787	73.1893	100.0	100.0	100.0	99.4904	97.1823	99.6068	18810624.0	15737126.75	20657882.75	12174855.5	10287271.25	14027721.75	66.5944	59.1267	70.964	12.1305	10.3132	15.3209	1.0	1.0	1.0	0.0	0.0	0.0	214.8442	207.2425	222.8122	78146.5	51694.5	106822.75	0.2096	0.1654	0.2865	84460.0	54127.0	121075.75	0.1447	0.1121	0.1983
PRJNA1083323	40	0	Illumina NovaSeq 6000	IU	45331420.0	41210048.0	52183862.0	45329456.0	41208547.5	52181640.0	99.996	99.9955	99.9963	30.8913	30.4083	31.4023	0.3724	0.343	0.3926	54.0	53.5	54.0	44.3723	42.8323	50.3424	150.0	150.0	150.0	149.3198	149.2876	149.3645	22664728.0	20604273.75	26090820.0	19124111.5	16980231.75	21811268.5	83.5621	81.5407	84.8059	7.4167	7.0376	7.8839	1.0	1.0	1.0	0.5014	0.5003	0.5028	252.5947	243.1892	267.9456	128025.0	125787.0	130219.0	0.4143	0.4047	0.4261	157174.0	154282.0	161227.75	0.3057	0.298	0.3183
PRJNA1109933	18	0	Illumina NovaSeq 6000	IU	69642663.0	64714262.5	75355213.5	69559613.0	64619286.0	75291195.0	99.8787	99.8522	99.9281	31.166	31.0151	31.3569	0.8321	0.7902	0.8545	54.0	54.0	54.0	50.1885	49.2776	51.4785	150.0	150.0	150.0	148.6626	148.6323	148.7344	34779806.5	32309643.0	37645597.5	28803166.5	26688043.25	31465351.5	83.4363	82.747	83.753	8.1955	7.9597	8.2695	1.0	1.0	1.0	0.4982	0.4978	0.4989	313.4741	302.7343	323.3644	129639.0	128413.75	130999.0	0.3823	0.3691	0.3868	161234.5	159646.0	164104.0	0.2811	0.2714	0.2842
PRJNA1125051	18	0	Illumina NovaSeq 6000	ISR	97225710.0	85987334.5	111336474.5	96858517.0	85238574.0	110800924.0	99.2655	98.9279	99.5235	66.1555	64.6427	67.4064	11.0976	10.5282	12.1979	49.5	48.0	50.0	56.8788	54.2741	61.1887	151.0	151.0	151.0	134.8093	133.4754	135.757	48429258.5	42619287.0	55400462.0	38798113.5	32726462.5	44994414.0	81.97	79.6687	82.5233	6.0452	5.6456	6.5027	1.0	1.0	1.0	0.0	0.0	0.0	162.7256	160.5038	165.241	118181.5	116928.5	120707.75	0.368	0.3585	0.3728	150098.0	147973.5	154267.25	0.2778	0.2696	0.284
PRJNA1127307	24	0	Illumina MiSeq	ISR	27454021.0	25977526.5	29325114.5	27436481.0	25956058.5	29283157.5	99.922	99.9098	99.934	43.0606	41.0479	45.0281	3.1125	2.2725	3.6534	51.0	50.5	51.5	38.7585	37.4048	39.6371	125.0	125.0	125.0	121.0074	120.3297	122.0283	13718240.5	12978029.25	14641578.75	10892400.5	10371611.75	11872776.0	78.7554	77.4859	80.2916	9.1518	8.1461	9.9867	1.0	1.0	1.0	0.0	0.0	0.0	183.1936	178.0685	188.0982	108530.5	107578.0	109994.0	0.3707	0.3608	0.3802	129052.5	127046.25	131706.5	0.2755	0.2669	0.2828
PRJNA1131644	6	3	Illumina HiSeq X	IU	52973325.0	51122270.0	58354336.0	52275441.0	50765717.0	58300784.5	99.9554	99.8966	99.9768	33.2781	31.9409	33.813	1.6557	1.1136	2.8477	54.0	50.5	58.25	47.1822	36.0231	61.9622	151.1096	145.471	152.9901	147.309	143.9635	148.5847	26137720.5	25382858.5	29150392.25	7389538.5	2863903.25	12319774.0	25.9493	11.2006	41.0247	22.6893	14.2179	30.96	1.0	1.0	1.0	0.5192	0.5061	0.526	232.9458	203.8015	272.0807	122690.5	114082.75	132863.5	0.4085	0.311	0.5295	136932.0	134835.25	141012.5	0.2836	0.2275	0.3549
PRJNA1135804	24	0	Illumina NovaSeq 6000	IU	56250403.0	54282416.0	58560762.0	56234976.0	54268438.5	58540877.0	99.9712	99.9637	99.981	31.158	30.7798	31.5911	0.8718	0.6889	1.0724	55.0	54.0	56.0	55.4415	53.2722	58.2878	150.0	150.0	150.0	148.5745	148.2736	148.8324	28117488.0	27134219.25	29270438.5	23927358.5	22552954.0	24938830.25	84.836	82.012	86.3641	7.003	6.6037	9.0507	1.0	1.0	1.0	0.5004	0.4999	0.501	272.4644	262.3178	284.6372	106793.5	101822.25	119127.75	0.335	0.3014	0.3681	129062.0	122137.5	148206.75	0.2447	0.2184	0.2746
PRJNA1151152	12	0	Illumina HiSeq X	IU	40341169.0	38552542.5	41651623.5	40328627.0	38539501.0	41639276.0	99.9672	99.965	99.9703	31.4998	31.1812	32.0282	1.3184	1.1743	1.5268	55.0	55.0	56.0	46.8329	46.1461	47.5688	150.0	150.0	150.0	147.8945	147.5825	148.0988	20164313.5	19269750.5	20819638.0	16297817.0	15866666.75	17080335.0	82.1494	81.7124	83.4436	8.5599	7.5771	8.8635	1.0	1.0	1.0	0.5006	0.5001	0.5009	252.9977	249.5775	255.633	116017.5	107904.5	125843.5	0.3821	0.3344	0.4171	139854.5	126989.5	153841.0	0.2786	0.2388	0.308
PRJNA1160407	6	0	Illumina NovaSeq X Plus	IU	59916915.0	57514272.5	62896303.0	59888330.0	57486489.5	62864460.5	99.9513	99.9486	99.9522	32.0105	31.7949	32.2737	1.0049	0.9754	1.0448	51.0	50.625	51.0	47.7101	44.5896	50.2487	151.0	151.0	151.0	149.5694	149.5099	149.6169	29944165.0	28743244.75	31432230.25	20680130.5	19332313.5	21419573.0	67.9495	64.8637	72.8104	18.0395	14.7937	20.1228	1.0	1.0	1.0	0.4647	0.4638	0.4656	309.0153	300.1829	311.4199	111571.5	111058.5	112416.75	0.3318	0.3278	0.3325	141061.5	140092.5	142145.25	0.2478	0.244	0.2485
PRJNA1176579	48	0	Illumina HiSeq 2500	ISR	81257019.0	42285732.0	109316012.0	79690697.0	41523880.0	107360396.5	98.1044	98.0059	98.2331	32.599	31.8661	33.0052	3.6398	3.5165	3.9338	50.5	50.0	51.5	61.4043	56.7274	67.6997	101.0	101.0	101.0	98.167	97.8631	98.2581	39845348.5	20761940.0	53680198.25	31246857.5	16104660.0	40695373.5	79.961	71.1396	83.6924	9.8376	7.4675	14.4409	1.0	1.0	1.0	0.0	0.0	0.0	209.5693	205.7179	213.7351	120332.0	112659.5	124004.25	0.3434	0.3218	0.3649	153101.0	139014.5	159423.75	0.2544	0.234	0.2717
PRJNA1194315	20	0	Illumina NovaSeq 6000	IU	43655069.0	40665737.5	45160160.5	43652254.0	40663871.5	45156798.5	99.995	99.9915	99.9954	31.8398	31.5285	34.4117	0.3893	0.3747	0.4035	50.0	50.0	51.0	47.3894	46.7176	49.1502	150.041	149.9855	150.0778	148.7582	148.6749	148.8188	21826127.0	20331935.75	22578399.25	16010290.0	15549451.25	16669107.0	75.1468	73.6057	76.5815	8.2785	7.8696	8.7321	1.0	1.0	1.0	0.489	0.4876	0.4909	318.7647	312.0198	324.501	110943.5	109444.75	113143.5	0.3674	0.3624	0.3731	139118.0	136875.75	141527.75	0.2785	0.2746	0.283
PRJNA1196418	30	0	Illumina NovaSeq 6000	ISR	134200622.0	123989308.5	148894910.0	134193766.0	123984926.0	148887960.0	99.9955	99.995	99.9961	33.8377	33.2359	34.6167	0.5117	0.3953	0.64	48.0	47.5	48.5	74.5912	72.5152	76.1517	150.0	150.0	150.0	149.0269	148.8405	149.2147	67096883.0	61992463.0	74443980.0	32518800.0	30417043.0	37118232.5	49.3159	46.9122	50.828	21.9524	21.5124	22.8306	1.0	1.0	1.0	0.0	0.0	0.0	268.9736	259.1861	276.9235	122308.5	121303.0	123306.75	0.2791	0.2627	0.296	155819.5	153760.0	156998.75	0.1971	0.1842	0.2122
PRJNA1200917	34	0	Illumina HiSeq 2500	IU	27809287.0	23951652.0	29632446.0	27808342.0	23950697.5	29630991.0	99.996	99.9955	99.9969	29.7562	28.8166	30.6677	1.0377	0.9558	1.1587	53.0	52.0	54.0	43.9334	38.1076	50.3832	101.0	101.0	101.0	99.8092	99.7159	99.851	13904171.0	11975348.75	14815495.5	10604166.0	8424215.5	12087700.0	79.059	73.3195	81.2017	10.8419	9.2708	14.49	1.0	1.0	1.0	0.5021	0.5015	0.5032	260.4771	229.3104	292.9481	102181.0	97373.25	106508.0	0.3052	0.2715	0.3415	121715.5	115455.5	127201.5	0.2269	0.1956	0.2535
PRJNA1207606	60	0	Illumina HiSeq 2500	IU	44926976.0	41715449.0	47249558.5	44917284.0	41706338.0	47241421.0	99.98	99.9776	99.9817	32.6324	32.1984	33.3617	1.126	0.991	1.2587	54.0	54.0	54.125	43.5987	42.155	45.1739	150.0	150.0	150.0	148.1721	147.9706	148.366	22458642.0	20853169.0	23620710.5	18828502.5	17559977.0	19923966.75	84.5371	83.5427	85.2734	7.2931	6.9192	7.5257	1.0	1.0	1.0	0.5022	0.5013	0.5032	243.8707	238.1743	252.9049	127239.5	126088.0	128672.5	0.4092	0.4043	0.4169	156719.5	154663.0	158011.75	0.3036	0.2972	0.3086
PRJNA1211037	9	2	Illumina HiSeq 1500	ISR	303550156.0	250230522.0	352357304.0	302301782.0	248921144.0	350224730.0	99.317	99.2757	99.5887	31.9581	31.7523	32.6953	0.5613	0.5496	0.5775	48.5	47.5	49.0	80.3741	79.1402	84.6828	87.7544	87.5392	87.8839	87.617	87.4189	87.6563	151150891.0	124460572.0	175112365.0	51177469.0	47158245.0	54990233.0	37.6988	35.1913	42.3823	18.1688	16.4205	19.3685	1.0	1.0	1.0	0.0	0.0	0.0	136.5423	130.6006	139.2767	134614.0	131447.0	137436.0	0.2697	0.24	0.3058	168887.0	163670.0	174753.0	0.1871	0.1668	0.2185
PRJNA1258708	72	72	Illumina MiSeq	IU	479488.0	373209.0	601300.5	472530.0	369743.5	592233.0	98.5979	98.0508	99.0066	13.4622	12.7314	14.6557	1.0367	0.7632	1.3439	49.0	48.0	49.0	92.3389	91.2802	92.9013	73.2429	72.8198	73.501	73.1748	72.9328	73.3092	236265.0	184871.75	296116.5	208622.5	160043.75	256598.0	86.6039	82.2401	92.1763	6.8156	2.8403	9.8693	1.0	1.0	1.0	0.5002	0.4991	0.5009	96.0266	91.7549	99.8458	1071.0	833.0	1325.5	0.0055	0.0042	0.0069	1095.5	844.75	1353.0	0.0036	0.0028	0.0046
PRJNA1265644	6	0	Illumina NovaSeq 6000	ISR	113862319.0	107189521.5	121342013.0	113850991.0	107179206.5	121329355.5	99.9903	99.99	99.9904	35.3285	35.2634	35.6921	0.37	0.3695	0.3718	52.75	52.0	53.5	66.2219	63.4139	69.7744	147.9751	147.1353	148.426	146.7406	145.923	147.1799	56925495.5	53589603.25	60664677.75	44405765.0	43821172.5	44880556.0	77.8048	73.0426	82.2822	8.3228	8.1804	8.428	1.0	1.0	1.0	0.0	0.0	0.0	238.1818	235.0604	239.1163	122761.0	120305.0	125367.75	0.3404	0.3222	0.3598	157198.0	151465.5	162335.75	0.2544	0.2384	0.2717
PRJNA1293820	24	0	Illumina NovaSeq 6000	IU	52924970.0	50707651.5	57615468.5	52864680.0	50623194.5	57499780.5	99.8192	99.797	99.8658	31.8055	31.5436	31.9472	1.1425	1.0719	1.1793	54.0	54.0	54.25	46.5627	45.5428	47.1064	150.0	150.0	150.0	148.2765	148.2275	148.3405	26432340.0	25311597.25	28749890.25	22318658.0	21644876.5	23671719.25	84.8595	82.9695	86.1749	8.0247	7.5342	8.5416	1.0	1.0	1.0	0.4908	0.486	0.4928	282.1042	278.2756	283.8693	126674.5	126047.25	127562.25	0.3714	0.3688	0.3756	155291.5	154175.5	156367.0	0.2705	0.2676	0.2722
PRJNA1296849	3	0	Illumina HiSeq 2000	ISR	89933270.0	89933270.0	89933270.0	89928082.0	89928082.0	89928082.0	99.9936	99.9936	99.9936	32.9998	32.9998	32.9998	0.4471	0.4471	0.4471	49.0	49.0	49.0	81.1298	81.1298	81.1298	150.0	150.0	150.0	149.1012	149.1012	149.1012	44964041.0	44964041.0	44964041.0	15805124.0	15805124.0	15805124.0	34.53	34.53	34.53	32.7293	32.7293	32.7293	1.0	1.0	1.0	0.0	0.0	0.0	269.6059	269.6059	269.6059	97271.0	97271.0	97271.0	0.2474	0.2474	0.2474	118678.0	118678.0	118678.0	0.1755	0.1755	0.1755
PRJNA1305544	36	0	Illumina HiSeq 2500	IU	57989331.0	53454652.5	63323142.5	57818292.0	53192542.5	63179026.5	99.7541	99.5954	99.8049	30.1686	29.6888	31.0166	0.6894	0.6463	0.802	55.0	54.0	55.0	54.7513	52.862	56.1589	150.0	150.0	150.0	149.0073	148.9596	149.0429	28909146.0	26596271.25	31589513.25	24180454.0	22264045.75	26753191.0	84.6241	84.0079	85.0622	8.0207	7.8161	8.3249	1.0	1.0	1.0	0.4937	0.4932	0.4941	326.7734	317.3221	342.1004	118367.5	116507.75	119973.5	0.3264	0.3172	0.3383	147881.0	144038.0	150907.0	0.2341	0.226	0.2439
PRJNA1309697	12	0	NextSeq 2000	ISR	36219297.0	30688382.5	40321382.0	35520428.0	30269963.5	39328611.0	98.279	97.9172	98.7544	12.1228	11.8371	12.3166	0.9684	0.7694	1.1181	53.5	53.0	53.75	51.8233	43.2013	59.1845	98.3339	98.1226	98.618	98.9184	98.877	99.0482	17760214.0	15134981.75	19664305.5	11886263.5	8084171.5	14842802.25	64.9071	52.3661	78.3143	5.1686	4.5004	5.777	1.0	1.0	1.0	0.0	0.0	0.0	161.6329	160.36	164.6236	114378.0	111806.5	118987.25	0.3854	0.3552	0.4089	132331.5	128064.5	138387.25	0.2769	0.2528	0.2959
PRJNA1348940	78	0	Illumina NovaSeq 6000	IU	46379321.0	44715635.5	48566228.0	46322418.0	44669410.5	48505005.5	99.8948	99.8778	99.9034	31.2085	30.9625	31.5287	0.6602	0.6291	0.7057	53.0	53.0	54.0	46.8591	45.4025	48.3809	150.0	150.0	150.0	148.9078	148.8634	148.9489	23161209.0	22334705.25	24252502.75	19130478.0	18385494.25	19791455.5	81.9311	80.3171	83.9041	9.2892	8.0649	10.1799	1.0	1.0	1.0	0.4995	0.4989	0.4998	306.71	300.7349	313.3747	114590.0	113276.5	116723.75	0.3621	0.3514	0.3732	142983.0	140896.75	145860.0	0.2697	0.2592	0.2811
PRJNA1353852	44	0	Illumina HiSeq 2500;Illumina HiSeq X	IU	29195682.0	17787542.0	40806300.0	29194623.0	17787209.5	40795522.5	99.9962	99.9782	99.9974	30.0749	29.5823	30.9728	1.0758	0.7142	1.1957	53.0	52.375	54.0	44.4086	41.2135	60.4412	150.0	101.0	151.0	148.8134	99.7243	149.0699	14597311.5	8893604.75	20397761.25	12050820.5	5037690.75	17056597.5	80.1642	55.0452	83.1146	9.8887	9.209	30.7142	1.0	1.0	1.0	0.5021	0.5014	0.5033	311.6079	239.8328	363.9952	100967.0	90828.25	111192.5	0.2994	0.2579	0.3364	119288.0	103762.75	135066.75	0.2185	0.1831	0.2461
PRJNA1381261	12	0	Illumina NovaSeq X Plus	IU	43023897.0	42487948.5	43193102.5	42921916.0	42395439.5	43073007.5	99.7586	99.7461	99.778	31.008	30.579	31.498	0.8989	0.8939	0.9389	53.0	52.75	54.0	25.8959	24.9367	26.5912	151.0	151.0	151.0	149.8885	149.8355	149.9059	21460958.0	21197719.75	21536503.75	16936156.5	16150646.75	17683795.25	79.2788	76.8294	83.1765	8.9334	8.3833	9.949	1.0	1.0	1.0	0.4922	0.4918	0.4927	306.1491	300.5187	314.2809	123769.5	123184.5	124822.5	0.3698	0.3659	0.3739	151833.0	150428.75	153912.5	0.2694	0.2662	0.2744
PRJNA198012	1	0	Illumina Genome Analyzer IIx	IU	610232490.0	610232490.0	610232490.0	523988586.0	523988586.0	523988586.0	85.867	85.867	85.867	30.9456	30.9456	30.9456	15.7507	15.7507	15.7507	50.0	50.0	50.0	66.952	66.952	66.952	72.0	72.0	72.0	68.241	68.241	68.241	261994293.0	261994293.0	261994293.0	216010422.0	216010422.0	216010422.0	82.4485	82.4485	82.4485	5.7526	5.7526	5.7526	1.0	1.0	1.0	0.5017	0.5017	0.5017	155.177	155.177	155.177	151283.0	151283.0	151283.0	0.3685	0.3685	0.3685	200990.0	200990.0	200990.0	0.2722	0.2722	0.2722
PRJNA226750	2	0	Illumina Genome Analyzer IIx	IU	13881750.0	13881750.0	13881750.0	9418960.0	9418960.0	9418960.0	67.7609	67.7609	67.7609	31.2508	31.2508	31.2508	20.1148	20.1148	20.1148	55.25	55.25	55.25	43.5468	43.5468	43.5468	38.0	38.0	38.0	35.382	35.382	35.382	4709480.0	4709480.0	4709480.0	2772537.5	2772537.5	2772537.5	58.9927	58.9927	58.9927	4.9524	4.9524	4.9524	1.0	1.0	1.0	0.5045	0.5045	0.5045	201.7422	201.7422	201.7422	82442.5	82442.5	82442.5	0.2293	0.2293	0.2293	86962.5	86962.5	86962.5	0.1527	0.1527	0.1527
PRJNA242578	1	0	Illumina HiScanSQ	IU	55567454.0	55567454.0	55567454.0	55258642.0	55258642.0	55258642.0	99.4443	99.4443	99.4443	33.1445	33.1445	33.1445	2.9115	2.9115	2.9115	52.0	52.0	52.0	44.5038	44.5038	44.5038	100.0	100.0	100.0	97.5866	97.5866	97.5866	27629321.0	27629321.0	27629321.0	22506128.0	22506128.0	22506128.0	81.4574	81.4574	81.4574	8.5767	8.5767	8.5767	1.0	1.0	1.0	0.5001	0.5001	0.5001	157.9299	157.9299	157.9299	131760.0	131760.0	131760.0	0.3905	0.3905	0.3905	161909.0	161909.0	161909.0	0.2821	0.2821	0.2821
PRJNA244522	17	0	Illumina HiSeq 2500	ISF;ISR	121483456.0	81780018.0	159571560.0	117623912.0	77429554.0	149798538.0	94.5982	93.6864	98.1666	36.1214	35.1302	37.8866	8.3337	5.5066	8.97	51.0	50.5	52.0	69.1402	64.8075	72.6785	100.0	100.0	100.0	94.9705	94.4913	96.1152	58811956.0	38714777.0	74899269.0	40831953.0	25570489.0	54670789.0	72.9924	59.9343	74.2876	13.0086	11.1969	19.3858	1.0	1.0	1.0	0.0	0.0	1.0	153.31	151.9548	157.0684	120944.0	114648.0	124181.0	0.2778	0.2563	0.2882	151160.0	140157.0	157514.0	0.1959	0.1786	0.2056
PRJNA291816	9	0	Illumina HiScanSQ	IU	56359504.0	56254256.0	57014970.0	55942532.0	55318202.0	56162156.0	98.5042	98.336	99.2602	30.7532	30.1989	34.1917	4.6011	3.1464	4.7168	53.0	52.0	54.0	31.2357	31.2185	43.8867	101.0	100.0	101.0	97.0687	97.0446	97.5201	27971266.0	27659101.0	28081078.0	22693115.0	18638467.0	23688934.0	81.1301	66.3738	85.6461	8.6004	6.1636	8.7939	1.0	1.0	1.0	0.4995	0.4993	0.5002	181.939	158.0873	182.1553	132282.0	128558.0	135534.0	0.3912	0.3734	0.4195	162752.0	156034.0	167581.0	0.2833	0.2689	0.3088
PRJNA293771	6	0	Illumina HiSeq 2500	IU	79714003.0	77549795.0	81292620.0	79702620.0	77538543.5	81282311.5	99.9866	99.9855	99.987	34.584	34.5319	34.6788	1.2588	1.2298	1.2796	51.0	51.0	51.75	43.768	43.0998	45.1871	90.0	90.0	90.0	89.0837	89.0641	89.1041	39851310.0	38769271.75	40641155.75	33772083.5	33406125.0	33828229.0	85.6243	84.1637	85.9799	6.2732	6.0768	6.772	1.0	1.0	1.0	0.5026	0.5025	0.5031	171.3983	169.8865	181.9464	128770.5	127887.0	130632.75	0.4072	0.4021	0.4113	163054.0	161555.0	164954.25	0.308	0.3029	0.3109
PRJNA298130	2	0	Illumina HiSeq 1000	IU	83026963.0	83026963.0	83026963.0	83025898.0	83025898.0	83025898.0	99.9987	99.9987	99.9987	30.4817	30.4817	30.4817	0.5837	0.5837	0.5837	51.0	51.0	51.0	85.4052	85.4052	85.4052	95.3221	95.3221	95.3221	94.582	94.582	94.582	41512949.0	41512949.0	41512949.0	15413681.5	15413681.5	15413681.5	37.1622	37.1622	37.1622	1.468	1.468	1.468	1.0	1.0	1.0	0.4839	0.4839	0.4839	316.6261	316.6261	316.6261	27414.5	27414.5	27414.5	0.0713	0.0713	0.0713	28292.0	28292.0	28292.0	0.0477	0.0477	0.0477
PRJNA317338	4	2	NextSeq 500	SF;SR	10878185.5	47150.0	21898353.0	10878007.0	47150.0	21897954.25	99.9992	99.9982	100.0	52.5208	16.2014	88.815	0.2223	0.2188	0.2293	49.0	49.0	49.0	39.236	34.1114	43.493	504.6984	143.1385	873.4456	503.6698	142.7794	871.691	10878007.0	47150.0	21897954.25	8115533.0	33573.0	16293117.75	71.7659	71.3616	73.1652	6.7234	6.2943	7.0488	1.0	1.0	1.0	0.5	0.0	1.0	250.0	250.0	250.0	66950.5	19003.25	117061.25	0.2129	0.0995	0.3325	79266.5	19561.75	141497.75	0.1514	0.0664	0.24
PRJNA318726	2	0	Illumina HiSeq 2000	IU	78406236.0	78406236.0	78406236.0	78393844.0	78393844.0	78393844.0	99.9842	99.9842	99.9842	34.1446	34.1446	34.1446	0.9922	0.9922	0.9922	50.25	50.25	50.25	45.7083	45.7083	45.7083	90.0	90.0	90.0	89.3293	89.3293	89.3293	39196922.0	39196922.0	39196922.0	29224193.0	29224193.0	29224193.0	74.5405	74.5405	74.5405	4.8931	4.8931	4.8931	1.0	1.0	1.0	0.5039	0.5039	0.5039	163.2859	163.2859	163.2859	105776.5	105776.5	105776.5	0.3145	0.3145	0.3145	126415.5	126415.5	126415.5	0.2276	0.2276	0.2276
PRJNA324550	1	1	Illumina Genome Analyzer IIx	IU	63299644.0	63299644.0	63299644.0	59550226.0	59550226.0	59550226.0	94.0767	94.0767	94.0767	29.1658	29.1658	29.1658	6.8281	6.8281	6.8281	48.5	48.5	48.5	18.3869	18.3869	18.3869	79.0	79.0	79.0	76.53	76.53	76.53	29775113.0	29775113.0	29775113.0	21430053.0	21430053.0	21430053.0	71.973	71.973	71.973	9.5119	9.5119	9.5119	1.0	1.0	1.0	0.504	0.504	0.504	163.5652	163.5652	163.5652	128016.0	128016.0	128016.0	0.3701	0.3701	0.3701	160075.0	160075.0	160075.0	0.27	0.27	0.27
PRJNA335885	54	6	Illumina HiSeq 2000	ISF;ISR	10990959.0	5833064.0	14387014.0	10596902.0	5628700.0	13884077.5	96.2889	94.7448	97.1932	58.0726	53.7913	62.9423	14.4979	12.8272	17.1819	50.5	47.625	51.5	37.8991	30.6884	45.7625	151.0	151.0	151.0	132.1712	129.3723	134.593	5298451.0	2814350.0	6942038.75	3633844.0	2338487.5	5230528.75	75.8626	71.4182	79.8606	10.3036	8.6827	12.3109	1.0	1.0	1.0	0.0	0.0	1.0	170.246	155.6147	181.0782	88236.0	74393.25	93265.25	0.3144	0.2865	0.3314	98108.0	81939.5	106457.25	0.2235	0.2018	0.237
PRJNA339462	18	0	Illumina HiSeq 2000	ISF;ISR	28284987.0	22499073.5	33221721.5	27278320.0	21735327.0	31894340.5	96.8095	96.0746	97.4458	32.6755	32.2885	33.0468	3.8319	3.2055	4.649	50.0	49.5	50.375	49.5322	36.9292	54.2504	48.0	48.0	48.0	47.2814	47.2768	47.404	13639160.0	10867663.5	15947170.25	11403158.0	9213115.75	13391718.75	84.2936	83.2856	84.6005	3.4621	3.379	3.6152	1.0	1.0	1.0	0.0	0.0	1.0	215.8093	212.0671	222.5118	106193.0	102454.25	108727.0	0.3473	0.3342	0.3543	123037.5	117169.75	126706.25	0.2443	0.2364	0.2489
PRJNA347369	22	0	Illumina HiSeq 2500	ISF;ISR	10776703.0	6649826.5	12297155.0	10491061.0	6582391.0	11814179.0	98.1592	97.0014	99.0712	41.26	38.9622	43.351	6.4344	5.0688	7.8116	51.5	51.0	51.5	33.9171	26.7713	37.9145	151.0	151.0	151.0	142.7453	140.8232	144.4761	5245530.5	3291195.5	5907089.5	3861106.0	2665848.75	4636008.5	78.2335	75.8371	80.9894	10.9876	9.9231	13.255	1.0	1.0	1.0	0.5	0.0	1.0	259.6402	250.4605	266.5967	89270.5	84840.25	93426.25	0.3424	0.3208	0.3688	101231.5	97971.0	109176.5	0.2482	0.2329	0.2653
PRJNA356226	80	36	Illumina HiSeq 4000	ISR;IU	14954661.0	10907212.0	24771836.5	14928919.0	10889452.0	24706646.0	99.8389	99.8147	99.8567	62.6034	60.9275	64.5563	10.0329	9.3603	10.4871	49.0	47.875	52.0	60.5932	45.5882	85.4582	151.0	151.0	151.0	135.99	135.2958	137.0027	7464459.5	5444726.0	12353323.0	2598633.5	1601526.0	3569708.5	40.8105	21.4418	58.6526	22.4724	13.6103	33.6244	1.0	1.0	1.0	0.0	0.0	0.0	161.1503	156.736	164.2456	71978.0	60163.75	77953.25	0.2596	0.1418	0.2962	79285.0	64554.5	87311.75	0.1795	0.095	0.2104
PRJNA371469	16	0	Illumina HiSeq 2500	IU	22162876.0	17057280.5	32662373.0	21655482.0	16799511.0	31766748.5	98.1853	97.4869	98.5185	29.9122	29.2104	30.1609	3.9304	3.5415	4.8624	52.0	51.5	52.625	36.4172	33.4843	38.4299	101.0	101.0	101.0	97.8205	97.1661	98.0112	10827741.0	8399755.5	15883374.25	8957678.5	6961565.5	13567090.0	82.502	80.487	83.7029	9.3613	8.5415	10.657	1.0	1.0	1.0	0.5013	0.498	0.5029	309.1863	302.2499	332.9565	114555.5	109713.0	120278.5	0.3635	0.3406	0.3781	137065.0	129377.25	148197.25	0.2663	0.2464	0.2786
PRJNA379719	3	0	Illumina HiSeq 2000	IU	59641482.0	59641482.0	59641482.0	57591684.0	57591684.0	57591684.0	96.5631	96.5631	96.5631	40.7807	40.7807	40.7807	14.5012	14.5012	14.5012	57.0	57.0	57.0	65.306	65.306	65.306	101.0	101.0	101.0	88.066	88.066	88.066	28795842.0	28795842.0	28795842.0	22968463.0	22968463.0	22968463.0	79.7631	79.7631	79.7631	7.9108	7.9108	7.9108	1.0	1.0	1.0	0.4989	0.4989	0.4989	179.4532	179.4532	179.4532	101065.0	101065.0	101065.0	0.308	0.308	0.308	116082.0	116082.0	116082.0	0.2179	0.2179	0.2179
PRJNA380333	1	0	Illumina HiSeq 2500	IU	31917598.0	31917598.0	31917598.0	31869976.0	31869976.0	31869976.0	99.8508	99.8508	99.8508	31.2927	31.2927	31.2927	1.3699	1.3699	1.3699	55.0	55.0	55.0	44.4928	44.4928	44.4928	150.0	150.0	150.0	147.9043	147.9043	147.9043	15934988.0	15934988.0	15934988.0	13007440.0	13007440.0	13007440.0	81.6282	81.6282	81.6282	7.6742	7.6742	7.6742	1.0	1.0	1.0	0.5004	0.5004	0.5004	219.2205	219.2205	219.2205	110999.0	110999.0	110999.0	0.2994	0.2994	0.2994	130415.0	130415.0	130415.0	0.2117	0.2117	0.2117
PRJNA383616	12	0	Illumina HiSeq 4000	IU	50024249.0	47585597.0	51696808.5	50021288.0	47582774.5	51693631.5	99.9941	99.9941	99.9945	28.0924	27.591	28.2043	1.4137	1.356	1.4699	55.5	55.0	55.625	44.0806	42.5092	45.1037	150.0	150.0	150.0	147.6904	147.6127	147.7769	25010644.0	23791387.25	25846815.75	20671181.0	19604987.5	21170968.75	82.085	81.7864	82.6517	9.1466	8.5837	9.4256	1.0	1.0	1.0	0.4992	0.4989	0.4994	273.1803	267.757	278.228	112707.0	111503.0	113511.0	0.3235	0.3131	0.3245	137376.0	136402.75	138892.5	0.238	0.2308	0.2405
PRJNA383958	6	0	Illumina HiSeq 2000	IU	79438257.0	75384001.5	80333737.5	79429821.0	75377159.0	80325709.0	99.9904	99.9897	99.9914	34.5632	34.5408	34.6143	0.985	0.7093	1.1752	51.5	51.0	52.75	50.9326	49.6958	54.918	90.0	90.0	90.0	89.3333	89.161	89.5961	39714910.5	37688579.5	40162854.5	33209395.0	30776719.0	34527989.5	85.3891	83.3077	86.5378	5.8038	5.3975	6.5344	1.0	1.0	1.0	0.5016	0.5011	0.5038	165.6542	163.709	170.9781	113735.0	112709.5	115122.75	0.3154	0.2997	0.3272	137900.5	135904.5	141426.5	0.2309	0.2182	0.2425
PRJNA415122	5	0	Illumina HiSeq 2000	IU	48039604.0	45825580.0	51988192.0	47373790.0	45124702.0	51486076.0	99.0342	98.614	99.1505	31.9714	31.9015	32.1431	4.7889	4.7105	4.8623	49.0	49.0	50.0	36.4324	36.1754	36.8636	100.0	100.0	100.0	96.0672	96.0163	96.0752	23686895.0	22562351.0	25743038.0	19213327.0	18144685.0	21347497.0	81.1137	80.4202	81.8979	8.111	8.0948	8.2782	1.0	1.0	1.0	0.4987	0.4977	0.5021	164.0942	163.1307	166.5966	131280.0	130357.0	131770.0	0.4275	0.4225	0.4277	162060.0	160266.0	163529.0	0.3165	0.3103	0.3173
PRJNA427493	16	1	Illumina HiSeq 2500	IU	60490752.0	47003953.0	68383951.0	59125037.0	45700482.0	67365762.5	97.7857	96.7779	98.5191	30.5795	29.6274	31.1926	6.4002	3.6205	9.3917	53.0	52.0	54.0	49.2815	44.0136	52.1655	101.0	101.0	101.0	95.6974	92.8823	98.0041	29562518.5	22850241.0	33682881.25	23491474.5	17661000.25	28123444.75	83.648	81.8052	85.3247	7.2143	6.964	7.8824	1.0	1.0	1.0	0.499	0.4949	0.5025	198.579	195.1808	202.3878	120946.0	116107.5	122500.5	0.3371	0.315	0.3684	149216.0	142263.5	151602.5	0.2472	0.2322	0.273
PRJNA429786	9	0	Illumina HiSeq 4000	IU	53524516.0	50744342.0	60658428.0	53186692.0	50484248.0	60145540.0	99.2373	99.1538	99.3688	31.4662	31.2028	31.625	2.1889	2.1299	2.2904	55.5	55.0	56.0	44.0517	42.4966	45.4966	150.0	150.0	150.0	147.2514	147.1471	147.3233	26593346.0	25242124.0	30072770.0	22465074.0	21378276.0	25680217.0	84.6122	83.2908	84.992	6.9797	6.8367	7.5275	1.0	1.0	1.0	0.4895	0.4884	0.4906	309.0507	307.2148	309.6079	125037.0	124308.0	125761.0	0.3692	0.3663	0.3785	154025.0	152774.0	156274.0	0.2663	0.2651	0.2731
PRJNA436063	12	0	Illumina HiSeq 2500	IU	56191997.0	55017585.0	59418751.5	56189307.0	55015024.5	59415826.5	99.994	99.9922	99.9962	33.8148	28.5761	33.9205	1.3299	1.0893	1.538	55.5	55.0	56.0	57.9895	56.0573	59.8835	125.0	125.0	125.0	123.0632	122.8628	123.4205	28094653.5	27507512.25	29707913.25	23443553.5	21638750.5	24882572.5	82.417	80.9387	84.0844	9.7463	8.1648	11.6938	1.0	1.0	1.0	0.4979	0.4976	0.498	234.7586	230.8296	238.6216	116007.5	114186.5	117362.5	0.3167	0.3023	0.3206	141875.5	138648.75	143742.25	0.2303	0.2187	0.2334
PRJNA453102	4	0	Illumina HiSeq 2000	ISR	43901274.0	39536064.5	44251251.0	43170009.0	38918889.5	43496016.5	98.3419	98.3007	98.4669	37.7545	36.3124	38.9622	2.0238	1.6747	2.3366	50.5	50.5	50.5	56.5192	55.047	57.8727	96.3218	96.294	96.4012	95.0481	94.7603	95.33	21585004.5	19459444.75	21748008.25	15818178.0	14098366.25	16184873.0	74.3686	72.9842	75.2714	11.2142	11.1521	11.9088	1.0	1.0	1.0	0.0	0.0	0.0	152.9999	151.0236	155.2162	106016.0	103850.0	107193.0	0.2784	0.2775	0.2836	126043.5	122684.25	127738.5	0.1965	0.1962	0.1999
PRJNA474042	150	0	Illumina HiSeq 2500	ISR	11193039.0	10160370.0	27640485.0	11103336.0	10041277.0	27266549.0	99.0839	98.8264	99.3091	15.6818	14.669	16.2154	1.0046	0.837	1.1978	45.0	44.0	46.0	41.7554	36.7716	56.7777	119.7028	118.7439	120.668	118.8852	117.7371	119.9712	5551668.0	5020638.5	13633274.5	3101680.5	2720499.75	6543400.75	55.1496	47.5566	58.3303	15.2387	14.5317	16.7783	1.0	1.0	1.0	0.0	0.0	0.0	153.7403	150.1932	158.3818	84227.5	80779.25	87873.0	0.3222	0.2643	0.338	94771.0	91596.5	99424.25	0.2332	0.1906	0.2424
PRJNA474275	2	2	Illumina HiSeq 2500	ISR	43456641.0	43456641.0	43456641.0	43057794.0	43057794.0	43057794.0	98.9917	98.9917	98.9917	35.267	35.267	35.267	3.0093	3.0093	3.0093	55.0	55.0	55.0	80.9108	80.9108	80.9108	100.0	100.0	100.0	97.6961	97.6961	97.6961	21528897.0	21528897.0	21528897.0	5495945.5	5495945.5	5495945.5	25.8872	25.8872	25.8872	30.517	30.517	30.517	1.0	1.0	1.0	0.0	0.0	0.0	145.1586	145.1586	145.1586	95899.0	95899.0	95899.0	0.1949	0.1949	0.1949	106972.0	106972.0	106972.0	0.1321	0.1321	0.1321
PRJNA479814	108	66	Illumina HiSeq 2000	ISR;IU	9327665.0	6497444.0	14704993.0	9255993.0	6434334.0	14591913.0	99.14	99.0076	99.2538	46.2007	43.0726	47.8852	4.5701	3.7715	5.6177	51.0	49.0	52.0	78.641	68.9773	83.5022	126.0	126.0	126.0	120.7923	119.8433	121.7336	4627996.5	3217167.0	7295956.5	1200380.5	786592.0	2489325.5	27.4085	22.1833	33.972	27.5611	24.0014	31.9799	1.0	1.0	1.0	0.0	0.0	0.0413	157.6332	149.7064	167.0995	57235.0	42505.75	66604.75	0.1705	0.1136	0.2196	61093.5	44253.75	71247.0	0.1147	0.0753	0.1496
PRJNA480179	129	32	Illumina HiSeq 2500;Illumina HiSeq 4000	ISF;ISR	75846232.0	60871766.0	92203844.0	75060274.0	59395900.0	89439564.0	99.9659	98.1921	99.9913	40.4676	38.3976	49.5071	3.6694	1.8675	6.842	47.0	45.5	51.5	80.9932	70.8743	91.1551	101.0	101.0	101.0	97.7264	94.2683	98.9253	37530137.0	29697950.0	44719782.0	14032954.0	10193902.0	17647705.0	35.2453	30.1214	42.3095	15.9382	14.2992	19.1135	1.0	1.0	1.0	0.0	0.0	0.0	147.3942	130.8308	159.6775	98715.0	76143.0	109269.0	0.2825	0.2499	0.3129	111970.0	83738.0	129595.0	0.2015	0.1759	0.2271
PRJNA504395	12	0	Illumina HiSeq 2000	IU	44463850.0	43065369.0	44883225.0	44462367.0	43063796.0	44880800.0	99.9962	99.9888	99.9965	31.4623	31.0656	34.5645	0.53	0.5126	0.6286	54.0	54.0	55.0	47.6083	43.8754	48.1238	150.0	150.0	150.0	149.0337	148.7831	149.0605	22231183.5	21531898.0	22440400.0	18152556.0	17686846.0	18535676.5	82.4935	81.0854	82.7324	9.644	9.3728	10.0148	1.0	1.0	1.0	0.4999	0.4995	0.5001	289.9013	270.0948	299.7345	106106.5	99694.75	111760.25	0.3045	0.2886	0.3227	129405.5	121562.0	135922.5	0.2265	0.2171	0.2389
PRJNA507678	10	0	Illumina HiSeq 4000	IU	57428893.0	53450286.5	66422625.5	57207937.0	53272354.5	66207670.0	99.6732	99.6605	99.68	33.2062	33.1732	36.2811	1.6436	1.6196	1.6812	55.0	55.0	55.75	16.9565	16.2795	17.6162	149.3822	149.31	149.4504	147.7214	147.5792	147.8112	28603968.5	26636177.25	33103835.0	23292276.5	21294908.75	27351814.5	80.4565	79.8531	81.9076	8.7825	8.3656	9.5704	1.0	1.0	1.0	0.5002	0.4997	0.5007	321.0076	319.2188	325.6616	121308.0	118919.5	123199.25	0.3678	0.3636	0.3757	150732.0	146684.5	152636.0	0.2709	0.2683	0.277
PRJNA528576	4	0	Illumina HiSeq 2000	IU	98396447.0	90787365.5	105078791.5	98392349.0	90783546.5	105074341.5	99.9958	99.9956	99.9958	32.1636	31.8777	32.2674	0.5471	0.5191	0.5661	56.0	55.75	56.0	55.8751	54.371	57.3837	145.2371	144.7576	145.8284	143.9753	143.5049	144.5699	49196174.5	45391773.25	52537170.75	39846631.0	36074881.5	43052245.75	81.755	79.6595	82.6663	6.1802	5.9083	6.6824	1.0	1.0	1.0	0.5017	0.5012	0.5022	250.7049	249.2179	253.7867	126278.0	124956.0	128920.0	0.3588	0.3472	0.3687	159742.0	157146.0	163042.25	0.2616	0.2522	0.2672
PRJNA533093	24	0	Illumina HiSeq 2500	IU	69627599.0	63636117.0	75383050.0	69509125.0	63409976.5	75227184.0	99.8075	99.7457	99.8787	28.9108	28.5719	29.5208	1.4936	1.2814	1.6967	58.5	57.875	59.0	51.3319	47.4583	53.3331	150.0	150.0	150.0	147.8143	147.5256	148.0456	34754562.5	31704988.25	37613592.0	27936598.5	25536404.5	31194617.75	82.4655	80.4521	83.6121	6.0378	5.9051	6.5032	1.0	1.0	1.0	0.5	0.4995	0.5002	263.4714	257.2764	266.7672	123421.5	112752.25	128061.0	0.3291	0.2995	0.3443	148065.0	136680.25	158389.25	0.2325	0.2126	0.2499
PRJNA541294	12	0	Illumina HiSeq 2000	IU	64424969.0	62080039.0	67718004.0	63545690.0	61143033.0	66691753.0	98.4839	98.4404	98.663	32.0023	31.8905	32.5215	2.4806	2.4329	2.5471	53.0	53.0	54.0	43.0475	40.8402	44.1583	125.0	125.0	125.0	123.067	123.0028	123.0906	31772845.0	30571516.5	33345876.5	26240988.5	25621847.0	27810615.25	83.2428	82.2055	83.7715	6.2062	5.9582	6.5809	1.0	1.0	1.0	0.4999	0.4997	0.5001	198.9421	197.6582	199.6485	123437.0	120954.25	125542.5	0.3702	0.3646	0.3806	153944.5	150817.25	157135.5	0.2733	0.2694	0.2856
PRJNA545885	10	0	Illumina HiSeq 2500	IU	57196080.0	43618894.0	64043591.5	57109580.0	43476071.5	63972736.0	99.8437	99.7113	99.8761	33.605	33.5172	36.0991	0.7752	0.6752	0.8324	58.0	57.0	58.75	17.1891	14.4989	21.6233	125.9835	125.9815	149.4952	125.4059	125.2289	147.6687	28554790.0	21738035.75	31986368.0	23072085.0	17505696.5	25616956.0	80.1604	77.8301	82.597	8.4271	7.2563	9.7419	1.0	1.0	1.0	0.4988	0.4982	0.4992	217.3539	212.6067	223.3983	99045.0	98156.25	101185.0	0.2733	0.2548	0.2781	118288.0	116713.75	120370.25	0.1994	0.1846	0.2049
PRJNA546134	4	0	Illumina HiScanSQ	ISR	55218148.0	46280191.5	61923058.5	55213501.0	46275766.5	61918651.5	99.9922	99.9912	99.9929	12.4814	12.2996	12.5699	0.1918	0.1898	0.1924	50.0	49.5	50.5	43.601	42.4672	44.2347	97.9749	97.8198	98.1453	97.7416	97.5889	97.9098	27606750.5	23137883.25	30959325.75	21865895.5	18108400.5	24381307.0	77.7396	76.678	78.8794	5.0423	4.8701	5.183	1.0	1.0	1.0	0.0	0.0	0.0	141.7924	140.9204	142.5086	129027.5	126943.75	130518.75	0.4103	0.4097	0.4119	158052.0	154055.25	160802.75	0.3032	0.3017	0.3053
PRJNA552659	3	0	Illumina HiSeq 2500	IU	56092416.0	56092416.0	56092416.0	56084084.0	56084084.0	56084084.0	99.9851	99.9851	99.9851	34.368	34.368	34.368	1.4784	1.4784	1.4784	52.0	52.0	52.0	53.4117	53.4117	53.4117	150.0	150.0	150.0	147.5672	147.5672	147.5672	28042042.0	28042042.0	28042042.0	22861817.0	22861817.0	22861817.0	81.5269	81.5269	81.5269	8.7536	8.7536	8.7536	1.0	1.0	1.0	0.5121	0.5121	0.5121	208.3755	208.3755	208.3755	103067.0	103067.0	103067.0	0.302	0.302	0.302	127126.0	127126.0	127126.0	0.2281	0.2281	0.2281
PRJNA555450	24	0	Illumina NovaSeq 6000	IU	39870870.0	37777831.5	43482340.5	39805858.0	37704298.0	43421075.5	99.8286	99.8115	99.8433	33.8721	33.8346	33.9129	0.5664	0.5474	0.5872	54.75	54.0	55.0	45.2728	44.0398	47.6039	150.0	150.0	150.0	149.0217	149.0033	149.0347	19902929.0	18852149.0	21710537.75	16810985.0	16014785.75	18518258.5	84.6931	83.8978	85.2492	8.6022	8.3202	9.2396	1.0	1.0	1.0	0.4972	0.4969	0.4978	350.4188	345.2249	356.8949	124231.0	122589.0	125170.25	0.3823	0.3715	0.3892	154038.5	151879.5	155643.25	0.2801	0.271	0.2847
PRJNA580882	1	0	Illumina NovaSeq 6000	ISR	317130292.0	317130292.0	317130292.0	316542386.0	316542386.0	316542386.0	99.8146	99.8146	99.8146	35.1251	35.1251	35.1251	0.8706	0.8706	0.8706	48.5	48.5	48.5	76.7799	76.7799	76.7799	151.0	151.0	151.0	149.8793	149.8793	149.8793	158271193.0	158271193.0	158271193.0	133708999.0	133708999.0	133708999.0	84.4809	84.4809	84.4809	8.33	8.33	8.33	1.0	1.0	1.0	0.0	0.0	0.0	332.4413	332.4413	332.4413	144598.0	144598.0	144598.0	0.4131	0.4131	0.4131	201052.0	201052.0	201052.0	0.3074	0.3074	0.3074
PRJNA580883	1	0	Illumina NovaSeq 6000	ISR	225428100.0	225428100.0	225428100.0	224715068.0	224715068.0	224715068.0	99.6837	99.6837	99.6837	35.6822	35.6822	35.6822	1.3341	1.3341	1.3341	51.0	51.0	51.0	77.0164	77.0164	77.0164	151.0	151.0	151.0	149.2595	149.2595	149.2595	112357534.0	112357534.0	112357534.0	93377692.0	93377692.0	93377692.0	83.1076	83.1076	83.1076	8.3398	8.3398	8.3398	1.0	1.0	1.0	0.0	0.0	0.0	294.5871	294.5871	294.5871	139865.0	139865.0	139865.0	0.3597	0.3597	0.3597	187491.0	187491.0	187491.0	0.2569	0.2569	0.2569
PRJNA580884	1	0	Illumina NovaSeq 6000	ISR	219820304.0	219820304.0	219820304.0	219516972.0	219516972.0	219516972.0	99.862	99.862	99.862	34.8696	34.8696	34.8696	0.9495	0.9495	0.9495	50.5	50.5	50.5	75.5242	75.5242	75.5242	151.0	151.0	151.0	149.7155	149.7155	149.7155	109758486.0	109758486.0	109758486.0	92119319.0	92119319.0	92119319.0	83.9291	83.9291	83.9291	8.7887	8.7887	8.7887	1.0	1.0	1.0	0.0	0.0	0.0	321.2214	321.2214	321.2214	149023.0	149023.0	149023.0	0.4201	0.4201	0.4201	200817.0	200817.0	200817.0	0.298	0.298	0.298
PRJNA580885	1	0	Illumina NovaSeq 6000	ISR	375457782.0	375457782.0	375457782.0	374857912.0	374857912.0	374857912.0	99.8402	99.8402	99.8402	35.2213	35.2213	35.2213	1.2195	1.2195	1.2195	51.5	51.5	51.5	83.2707	83.2707	83.2707	151.0	151.0	151.0	149.3218	149.3218	149.3218	187428956.0	187428956.0	187428956.0	150829847.0	150829847.0	150829847.0	80.4731	80.4731	80.4731	12.737	12.737	12.737	1.0	1.0	1.0	0.0	0.0	0.0	284.8188	284.8188	284.8188	155644.0	155644.0	155644.0	0.3763	0.3763	0.3763	209184.0	209184.0	209184.0	0.2596	0.2596	0.2596
PRJNA580886	1	0	Illumina NovaSeq 6000	ISR	264837280.0	264837280.0	264837280.0	264294182.0	264294182.0	264294182.0	99.7949	99.7949	99.7949	35.5833	35.5833	35.5833	1.2271	1.2271	1.2271	51.0	51.0	51.0	78.8355	78.8355	78.8355	151.0	151.0	151.0	149.3425	149.3425	149.3425	132147091.0	132147091.0	132147091.0	105760628.0	105760628.0	105760628.0	80.0325	80.0325	80.0325	11.1803	11.1803	11.1803	1.0	1.0	1.0	0.0	0.0	0.0	306.5124	306.5124	306.5124	145948.0	145948.0	145948.0	0.3883	0.3883	0.3883	196096.0	196096.0	196096.0	0.2746	0.2746	0.2746
PRJNA580887	1	0	Illumina NovaSeq 6000	ISR	233439888.0	233439888.0	233439888.0	232948960.0	232948960.0	232948960.0	99.7897	99.7897	99.7897	35.6505	35.6505	35.6505	1.1411	1.1411	1.1411	50.0	50.0	50.0	74.7367	74.7367	74.7367	151.0	151.0	151.0	149.4818	149.4818	149.4818	116474480.0	116474480.0	116474480.0	93529419.0	93529419.0	93529419.0	80.3004	80.3004	80.3004	11.578	11.578	11.578	1.0	1.0	1.0	0.0	0.0	0.0	301.2397	301.2397	301.2397	143258.0	143258.0	143258.0	0.4061	0.4061	0.4061	194468.0	194468.0	194468.0	0.2945	0.2945	0.2945
PRJNA580888	1	0	Illumina NovaSeq 6000	ISR	288209244.0	288209244.0	288209244.0	287928138.0	287928138.0	287928138.0	99.9025	99.9025	99.9025	35.7408	35.7408	35.7408	0.8778	0.8778	0.8778	47.5	47.5	47.5	75.9764	75.9764	75.9764	151.0	151.0	151.0	149.8098	149.8098	149.8098	143964069.0	143964069.0	143964069.0	115542056.0	115542056.0	115542056.0	80.2576	80.2576	80.2576	8.6214	8.6214	8.6214	1.0	1.0	1.0	0.0	0.0	0.0	329.2031	329.2031	329.2031	135623.0	135623.0	135623.0	0.3832	0.3832	0.3832	186330.0	186330.0	186330.0	0.2893	0.2893	0.2893
PRJNA580889	1	0	Illumina NovaSeq 6000	ISR	442665180.0	442665180.0	442665180.0	442246832.0	442246832.0	442246832.0	99.9055	99.9055	99.9055	34.8186	34.8186	34.8186	0.7721	0.7721	0.7721	48.5	48.5	48.5	76.0441	76.0441	76.0441	151.0	151.0	151.0	149.9653	149.9653	149.9653	221123416.0	221123416.0	221123416.0	181370274.0	181370274.0	181370274.0	82.0222	82.0222	82.0222	9.4735	9.4735	9.4735	1.0	1.0	1.0	0.0	0.0	0.0	353.1687	353.1687	353.1687	154020.0	154020.0	154020.0	0.4633	0.4633	0.4633	217326.0	217326.0	217326.0	0.3534	0.3534	0.3534
PRJNA580890	1	0	Illumina NovaSeq 6000	ISR	190864214.0	190864214.0	190864214.0	190653448.0	190653448.0	190653448.0	99.8896	99.8896	99.8896	34.7696	34.7696	34.7696	0.8596	0.8596	0.8596	49.5	49.5	49.5	70.767	70.767	70.767	151.0	151.0	151.0	149.8372	149.8372	149.8372	95326724.0	95326724.0	95326724.0	82560808.0	82560808.0	82560808.0	86.6083	86.6083	86.6083	6.9831	6.9831	6.9831	1.0	1.0	1.0	0.0	0.0	0.0	324.3639	324.3639	324.3639	152479.0	152479.0	152479.0	0.4551	0.4551	0.4551	207094.0	207094.0	207094.0	0.3316	0.3316	0.3316
PRJNA580891	1	0	Illumina NovaSeq 6000	ISR	270759516.0	270759516.0	270759516.0	270567648.0	270567648.0	270567648.0	99.9291	99.9291	99.9291	35.7042	35.7042	35.7042	0.767	0.767	0.767	47.5	47.5	47.5	72.4907	72.4907	72.4907	151.0	151.0	151.0	149.9603	149.9603	149.9603	135283824.0	135283824.0	135283824.0	113238778.0	113238778.0	113238778.0	83.7046	83.7046	83.7046	8.4071	8.4071	8.4071	1.0	1.0	1.0	0.0	0.0	0.0	345.1252	345.1252	345.1252	153080.0	153080.0	153080.0	0.4727	0.4727	0.4727	212889.0	212889.0	212889.0	0.3579	0.3579	0.3579
PRJNA580892	1	0	Illumina NovaSeq 6000	ISR	292417380.0	292417380.0	292417380.0	292100748.0	292100748.0	292100748.0	99.8917	99.8917	99.8917	35.1355	35.1355	35.1355	0.7314	0.7314	0.7314	47.5	47.5	47.5	72.1396	72.1396	72.1396	151.0	151.0	151.0	150.0386	150.0386	150.0386	146050374.0	146050374.0	146050374.0	121967741.0	121967741.0	121967741.0	83.5107	83.5107	83.5107	8.5865	8.5865	8.5865	1.0	1.0	1.0	0.0	0.0	0.0	356.1061	356.1061	356.1061	154658.0	154658.0	154658.0	0.4735	0.4735	0.4735	216044.0	216044.0	216044.0	0.358	0.358	0.358
PRJNA580893	1	0	Illumina NovaSeq 6000	ISR	237972812.0	237972812.0	237972812.0	237591460.0	237591460.0	237591460.0	99.8397	99.8397	99.8397	35.2342	35.2342	35.2342	1.0149	1.0149	1.0149	49.5	49.5	49.5	71.2816	71.2816	71.2816	151.0	151.0	151.0	149.6372	149.6372	149.6372	118795730.0	118795730.0	118795730.0	80899268.0	80899268.0	80899268.0	68.0995	68.0995	68.0995	4.8132	4.8132	4.8132	1.0	1.0	1.0	0.0	0.0	0.0	314.6493	314.6493	314.6493	142366.0	142366.0	142366.0	0.3804	0.3804	0.3804	186788.0	186788.0	186788.0	0.2699	0.2699	0.2699
PRJNA580894	1	0	Illumina NovaSeq 6000	ISR	252036004.0	252036004.0	252036004.0	251298972.0	251298972.0	251298972.0	99.7076	99.7076	99.7076	34.1822	34.1822	34.1822	1.2162	1.2162	1.2162	53.5	53.5	53.5	81.5014	81.5014	81.5014	151.0	151.0	151.0	149.4069	149.4069	149.4069	125649486.0	125649486.0	125649486.0	106936253.0	106936253.0	106936253.0	85.1068	85.1068	85.1068	9.8297	9.8297	9.8297	1.0	1.0	1.0	0.0	0.0	0.0	304.0826	304.0826	304.0826	143122.0	143122.0	143122.0	0.349	0.349	0.349	186585.0	186585.0	186585.0	0.2408	0.2408	0.2408
PRJNA580895	1	0	Illumina NovaSeq 6000	ISR	181436424.0	181436424.0	181436424.0	181171572.0	181171572.0	181171572.0	99.854	99.854	99.854	37.6433	37.6433	37.6433	1.44	1.44	1.44	50.5	50.5	50.5	82.3134	82.3134	82.3134	151.0	151.0	151.0	148.978	148.978	148.978	90585786.0	90585786.0	90585786.0	71268396.0	71268396.0	71268396.0	78.675	78.675	78.675	9.3228	9.3228	9.3228	1.0	1.0	1.0	0.0	0.0	0.0	277.9033	277.9033	277.9033	131477.0	131477.0	131477.0	0.373	0.373	0.373	169600.0	169600.0	169600.0	0.2673	0.2673	0.2673
PRJNA580896	1	0	Illumina NovaSeq 6000	ISR	290130004.0	290130004.0	290130004.0	289644738.0	289644738.0	289644738.0	99.8327	99.8327	99.8327	35.5833	35.5833	35.5833	0.8968	0.8968	0.8968	48.5	48.5	48.5	76.2778	76.2778	76.2778	151.0	151.0	151.0	149.8285	149.8285	149.8285	144822369.0	144822369.0	144822369.0	117408992.0	117408992.0	117408992.0	81.071	81.071	81.071	9.7494	9.7494	9.7494	1.0	1.0	1.0	0.0	0.0	0.0	327.6079	327.6079	327.6079	136302.0	136302.0	136302.0	0.371	0.371	0.371	186961.0	186961.0	186961.0	0.279	0.279	0.279
PRJNA580897	1	0	Illumina NovaSeq 6000	ISR	207950544.0	207950544.0	207950544.0	207658678.0	207658678.0	207658678.0	99.8596	99.8596	99.8596	35.5401	35.5401	35.5401	1.0398	1.0398	1.0398	49.5	49.5	49.5	75.3451	75.3451	75.3451	151.0	151.0	151.0	149.5841	149.5841	149.5841	103829339.0	103829339.0	103829339.0	88170117.0	88170117.0	88170117.0	84.9183	84.9183	84.9183	7.3587	7.3587	7.3587	1.0	1.0	1.0	0.0	0.0	0.0	310.5644	310.5644	310.5644	139223.0	139223.0	139223.0	0.3886	0.3886	0.3886	187980.0	187980.0	187980.0	0.2807	0.2807	0.2807
PRJNA580898	1	0	Illumina NovaSeq 6000	ISR	302324120.0	302324120.0	302324120.0	301888114.0	301888114.0	301888114.0	99.8558	99.8558	99.8558	34.7006	34.7006	34.7006	0.7627	0.7627	0.7627	48.5	48.5	48.5	73.4673	73.4673	73.4673	151.0	151.0	151.0	150.0136	150.0136	150.0136	150944057.0	150944057.0	150944057.0	124898251.0	124898251.0	124898251.0	82.7447	82.7447	82.7447	8.4876	8.4876	8.4876	1.0	1.0	1.0	0.0	0.0	0.0	345.1094	345.1094	345.1094	144733.0	144733.0	144733.0	0.4299	0.4299	0.4299	202026.0	202026.0	202026.0	0.3256	0.3256	0.3256
PRJNA580899	1	0	Illumina NovaSeq 6000	ISR	269760616.0	269760616.0	269760616.0	269429574.0	269429574.0	269429574.0	99.8773	99.8773	99.8773	34.4375	34.4375	34.4375	0.7287	0.7287	0.7287	49.0	49.0	49.0	75.5321	75.5321	75.5321	151.0	151.0	151.0	150.0451	150.0451	150.0451	134714787.0	134714787.0	134714787.0	115586831.0	115586831.0	115586831.0	85.8011	85.8011	85.8011	7.7768	7.7768	7.7768	1.0	1.0	1.0	0.0	0.0	0.0	382.1632	382.1632	382.1632	138326.0	138326.0	138326.0	0.4323	0.4323	0.4323	193636.0	193636.0	193636.0	0.3268	0.3268	0.3268
PRJNA580900	1	0	Illumina NovaSeq 6000	ISR	285242160.0	285242160.0	285242160.0	284940256.0	284940256.0	284940256.0	99.8942	99.8942	99.8942	34.6382	34.6382	34.6382	0.7264	0.7264	0.7264	48.5	48.5	48.5	75.8626	75.8626	75.8626	151.0	151.0	151.0	150.0382	150.0382	150.0382	142470128.0	142470128.0	142470128.0	125948155.0	125948155.0	125948155.0	88.4032	88.4032	88.4032	5.9168	5.9168	5.9168	1.0	1.0	1.0	0.0	0.0	0.0	351.8052	351.8052	351.8052	142117.0	142117.0	142117.0	0.4288	0.4288	0.4288	197737.0	197737.0	197737.0	0.3193	0.3193	0.3193
PRJNA580901	1	0	Illumina NovaSeq 6000	ISR	230537180.0	230537180.0	230537180.0	229974152.0	229974152.0	229974152.0	99.7558	99.7558	99.7558	34.6987	34.6987	34.6987	0.961	0.961	0.961	50.0	50.0	50.0	77.6322	77.6322	77.6322	151.0	151.0	151.0	149.7754	149.7754	149.7754	114987076.0	114987076.0	114987076.0	100077113.0	100077113.0	100077113.0	87.0334	87.0334	87.0334	7.3333	7.3333	7.3333	1.0	1.0	1.0	0.0	0.0	0.0	315.6872	315.6872	315.6872	140571.0	140571.0	140571.0	0.3773	0.3773	0.3773	189662.0	189662.0	189662.0	0.2707	0.2707	0.2707
PRJNA580902	1	0	Illumina NovaSeq 6000	ISR	204467048.0	204467048.0	204467048.0	204151656.0	204151656.0	204151656.0	99.8457	99.8457	99.8457	34.3353	34.3353	34.3353	0.8328	0.8328	0.8328	50.0	50.0	50.0	75.7461	75.7461	75.7461	151.0	151.0	151.0	149.907	149.907	149.907	102075828.0	102075828.0	102075828.0	87154727.0	87154727.0	87154727.0	85.3823	85.3823	85.3823	7.276	7.276	7.276	1.0	1.0	1.0	0.0	0.0	0.0	331.0524	331.0524	331.0524	139637.0	139637.0	139637.0	0.3785	0.3785	0.3785	188172.0	188172.0	188172.0	0.2724	0.2724	0.2724
PRJNA580903	1	0	Illumina NovaSeq 6000	ISR	234870554.0	234870554.0	234870554.0	234513498.0	234513498.0	234513498.0	99.848	99.848	99.848	34.6051	34.6051	34.6051	0.9891	0.9891	0.9891	51.0	51.0	51.0	77.8903	77.8903	77.8903	151.0	151.0	151.0	149.6644	149.6644	149.6644	117256749.0	117256749.0	117256749.0	102181746.0	102181746.0	102181746.0	87.1436	87.1436	87.1436	6.9074	6.9074	6.9074	1.0	1.0	1.0	0.0	0.0	0.0	311.3352	311.3352	311.3352	140263.0	140263.0	140263.0	0.3601	0.3601	0.3601	187928.0	187928.0	187928.0	0.2567	0.2567	0.2567
PRJNA580904	1	0	Illumina NovaSeq 6000	ISR	296446194.0	296446194.0	296446194.0	296049812.0	296049812.0	296049812.0	99.8663	99.8663	99.8663	34.7624	34.7624	34.7624	0.898	0.898	0.898	49.5	49.5	49.5	75.9209	75.9209	75.9209	151.0	151.0	151.0	149.7944	149.7944	149.7944	148024906.0	148024906.0	148024906.0	131708711.0	131708711.0	131708711.0	88.9774	88.9774	88.9774	5.9519	5.9519	5.9519	1.0	1.0	1.0	0.0	0.0	0.0	333.5507	333.5507	333.5507	151401.0	151401.0	151401.0	0.4392	0.4392	0.4392	209783.0	209783.0	209783.0	0.3192	0.3192	0.3192
PRJNA580905	1	0	Illumina NovaSeq 6000	ISR	250140980.0	250140980.0	250140980.0	249973754.0	249973754.0	249973754.0	99.9331	99.9331	99.9331	35.5107	35.5107	35.5107	0.8337	0.8337	0.8337	48.5	48.5	48.5	72.1057	72.1057	72.1057	151.0	151.0	151.0	149.8538	149.8538	149.8538	124986877.0	124986877.0	124986877.0	100043112.0	100043112.0	100043112.0	80.0429	80.0429	80.0429	10.337	10.337	10.337	1.0	1.0	1.0	0.0	0.0	0.0	329.3572	329.3572	329.3572	148389.0	148389.0	148389.0	0.4369	0.4369	0.4369	204559.0	204559.0	204559.0	0.3272	0.3272	0.3272
PRJNA580906	1	0	Illumina NovaSeq 6000	ISR	211044260.0	211044260.0	211044260.0	210612210.0	210612210.0	210612210.0	99.7953	99.7953	99.7953	35.1737	35.1737	35.1737	0.9872	0.9872	0.9872	49.5	49.5	49.5	75.4475	75.4475	75.4475	151.0	151.0	151.0	149.7098	149.7098	149.7098	105306105.0	105306105.0	105306105.0	91353016.0	91353016.0	91353016.0	86.75	86.75	86.75	6.8632	6.8632	6.8632	1.0	1.0	1.0	0.0	0.0	0.0	318.8621	318.8621	318.8621	147848.0	147848.0	147848.0	0.4113	0.4113	0.4113	199537.0	199537.0	199537.0	0.2924	0.2924	0.2924
PRJNA580907	1	0	Illumina NovaSeq 6000	ISR	281974394.0	281974394.0	281974394.0	281571496.0	281571496.0	281571496.0	99.8571	99.8571	99.8571	35.176	35.176	35.176	0.7646	0.7646	0.7646	47.5	47.5	47.5	74.2301	74.2301	74.2301	151.0	151.0	151.0	150.0096	150.0096	150.0096	140785748.0	140785748.0	140785748.0	120876560.0	120876560.0	120876560.0	85.8585	85.8585	85.8585	7.5063	7.5063	7.5063	1.0	1.0	1.0	0.0	0.0	0.0	360.1936	360.1936	360.1936	145491.0	145491.0	145491.0	0.4484	0.4484	0.4484	203587.0	203587.0	203587.0	0.3403	0.3403	0.3403
PRJNA580908	1	0	Illumina NovaSeq 6000	ISR	280586600.0	280586600.0	280586600.0	280324166.0	280324166.0	280324166.0	99.9065	99.9065	99.9065	34.3514	34.3514	34.3514	0.7751	0.7751	0.7751	48.5	48.5	48.5	70.8208	70.8208	70.8208	151.0	151.0	151.0	149.9589	149.9589	149.9589	140162083.0	140162083.0	140162083.0	116562405.0	116562405.0	116562405.0	83.1626	83.1626	83.1626	8.663	8.663	8.663	1.0	1.0	1.0	0.0	0.0	0.0	372.8096	372.8096	372.8096	151634.0	151634.0	151634.0	0.4625	0.4625	0.4625	211736.0	211736.0	211736.0	0.3576	0.3576	0.3576
PRJNA580909	1	0	Illumina NovaSeq 6000	ISR	21603500.0	21603500.0	21603500.0	21507956.0	21507956.0	21507956.0	99.5577	99.5577	99.5577	29.3939	29.3939	29.3939	1.3536	1.3536	1.3536	55.5	55.5	55.5	66.5783	66.5783	66.5783	151.0	151.0	151.0	149.332	149.332	149.332	10753978.0	10753978.0	10753978.0	6764880.0	6764880.0	6764880.0	62.9058	62.9058	62.9058	15.7822	15.7822	15.7822	1.0	1.0	1.0	0.0	0.0	0.0	263.0301	263.0301	263.0301	108324.0	108324.0	108324.0	0.416	0.416	0.416	123035.0	123035.0	123035.0	0.2971	0.2971	0.2971
PRJNA580910	1	0	Illumina NovaSeq 6000	ISR	281838970.0	281838970.0	281838970.0	281619482.0	281619482.0	281619482.0	99.9221	99.9221	99.9221	32.943	32.943	32.943	0.8643	0.8643	0.8643	51.5	51.5	51.5	75.3756	75.3756	75.3756	151.0	151.0	151.0	149.8043	149.8043	149.8043	140809741.0	140809741.0	140809741.0	92444517.0	92444517.0	92444517.0	65.6521	65.6521	65.6521	21.6742	21.6742	21.6742	1.0	1.0	1.0	0.0	0.0	0.0	344.9047	344.9047	344.9047	154534.0	154534.0	154534.0	0.4339	0.4339	0.4339	210711.0	210711.0	210711.0	0.3106	0.3106	0.3106
PRJNA589716	12	0	Illumina NovaSeq 6000	IU	57196688.0	51582923.5	62484551.5	57168692.0	51555471.0	62452709.0	99.9511	99.9477	99.9548	31.7355	30.8746	32.2032	0.7737	0.7421	0.9078	55.0	53.75	55.0	52.2848	51.5015	54.2004	150.0	150.0	150.0	148.7048	148.5303	148.7714	28584346.0	25777735.5	31226354.5	20933868.5	19074839.75	21928653.25	74.2585	68.0187	83.1126	9.5376	7.1066	14.5002	1.0	1.0	1.0	0.5024	0.5021	0.5034	248.3012	245.0487	251.0305	95941.0	92736.75	100151.0	0.2667	0.2597	0.2683	114854.0	111663.5	119870.0	0.1959	0.1911	0.1972
PRJNA590281	81	0	Illumina HiSeq 2500	IU	70256218.0	64042150.0	80072594.0	70084102.0	63918218.0	79914548.0	99.7714	99.755	99.7809	32.8358	32.6605	36.9693	1.3785	1.31	1.4702	54.0	54.0	55.0	14.3129	13.6598	14.7941	148.8862	148.7504	148.9817	147.5035	147.2799	147.6884	35042051.0	31959109.0	39957274.0	27259584.0	24212490.0	31307306.0	78.1626	74.9077	79.3806	8.847	8.0053	10.3684	1.0	1.0	1.0	0.5018	0.5014	0.5023	282.4533	277.2595	287.8696	127751.0	125132.0	130481.0	0.3966	0.3783	0.4095	161325.0	156198.0	165628.0	0.2965	0.2867	0.3069
PRJNA590595	10	0	Illumina Genome Analyzer II	ISR	54154651.0	46979616.0	54948274.0	53348106.0	46398144.0	54067266.5	98.4432	98.3912	98.6631	33.7434	33.1456	35.6172	4.018	3.8552	4.1687	55.75	55.125	56.375	59.494	56.6363	63.118	150.0	150.0	150.0	144.9174	144.5723	145.0655	26674053.0	23199072.0	27033633.25	19546828.0	18583951.25	21497276.0	81.4203	73.7156	85.7259	7.8599	6.5375	12.6296	1.0	1.0	1.0	0.0	0.0	0.0	234.8669	229.7798	237.4513	120063.0	116578.0	120925.75	0.3487	0.3415	0.3647	143433.0	142526.5	145468.25	0.2544	0.243	0.2657
PRJNA593053	7	4	Illumina HiSeq 2500	ISR	52312026.0	48963833.0	54352625.0	51965218.0	48639635.0	53788260.0	99.1857	98.959	99.2979	40.0841	39.4855	40.4021	2.4696	2.2979	2.7352	44.5	44.25	45.0	78.1727	75.4571	78.9795	100.0	100.0	100.0	98.0373	97.9542	98.2314	25982609.0	24319817.5	26894130.0	7530668.0	7365781.0	7940159.0	28.5824	27.4594	31.8528	14.7993	14.0229	15.2292	1.0	1.0	1.0	0.0	0.0	0.0	151.5747	150.1547	152.9207	92831.0	91420.0	94962.0	0.2551	0.2502	0.2684	107601.0	105401.0	110892.0	0.1805	0.1765	0.1918
PRJNA598295	24	0	HiSeq X Ten	IU	93882403.0	91692327.5	97114062.5	93783333.0	91579480.5	97012232.5	99.8822	99.8585	99.8938	32.9374	32.7187	33.0632	1.0197	0.9953	1.0611	53.0	53.0	53.0	57.7042	56.9528	58.0756	151.0	151.0	151.0	149.6154	149.5599	149.6438	46891666.5	45789740.25	48506116.25	36448053.5	35290153.0	38639894.25	78.403	76.5022	79.0704	11.6995	10.7012	12.7712	1.0	1.0	1.0	0.4962	0.4959	0.4966	284.2533	280.9441	286.9262	123261.5	121792.25	123926.5	0.3794	0.3732	0.3832	158297.5	155988.5	159454.25	0.2861	0.2807	0.2887
PRJNA600759	18	0	Illumina HiSeq 2500	IU	85907539.0	75282626.0	87734674.5	84848082.0	74037176.5	86708876.5	98.5436	98.3901	98.6806	32.1077	32.0504	32.2203	1.2676	1.1977	1.3228	51.0	51.0	51.875	43.1761	40.6586	46.44	150.0	150.0	150.0	149.057	149.0266	149.0989	42424041.0	37018588.25	43354438.25	27157691.5	23686703.5	31807417.75	70.9146	61.3378	77.8728	6.7828	5.6049	7.5121	1.0	1.0	1.0	0.4998	0.4996	0.5004	309.8958	303.7919	317.1275	130862.5	128419.0	133017.25	0.3942	0.3808	0.4006	166129.5	161226.5	169088.25	0.2884	0.2793	0.2963
PRJNA602327	12	0	Illumina HiSeq 2500	IU	80379331.0	71897811.5	83535801.0	80278623.0	71827288.5	83458021.0	99.9019	99.8758	99.9122	30.0046	29.3761	30.3977	1.2845	1.2301	1.3664	56.75	55.0	57.0	54.6677	50.5986	58.399	150.0	150.0	150.0	148.0195	147.8738	148.0797	40139311.5	35913644.25	41729010.5	28263258.5	26119458.75	30095842.75	72.4037	70.9544	73.3858	14.4323	13.8158	15.7848	1.0	1.0	1.0	0.5005	0.5004	0.5011	239.2208	236.0684	243.5974	129035.0	127766.5	129557.5	0.359	0.3448	0.3629	161815.5	159471.5	162390.5	0.2611	0.2476	0.2647
PRJNA606674	4	0	NextSeq 500	ISR	57698282.0	54357009.5	61975684.5	57370358.0	54212067.5	61558430.5	99.7435	99.5838	99.7634	35.6209	34.5396	36.6964	2.9495	2.822	2.9706	56.25	55.875	56.625	78.119	75.0563	81.5104	150.0	150.0	150.0	145.6704	145.4318	145.963	28685179.0	27106033.75	30779215.25	15996769.0	14105706.75	17153883.75	53.0467	44.3276	60.9937	26.6442	23.7792	31.1251	1.0	1.0	1.0	0.0	0.0	0.0	251.4059	247.1416	256.9406	101390.0	89050.5	113931.75	0.2319	0.2019	0.2661	114301.0	98779.0	130494.5	0.1593	0.1381	0.1838
PRJNA628529	24	12	Illumina HiSeq 4000	IU	36478557.0	36455558.0	36501431.5	36478048.0	36455023.0	36500918.0	99.9985	99.9982	99.9988	30.523	30.069	32.0126	0.5249	0.5162	0.5368	52.5	50.375	53.0	74.1822	72.1031	79.3651	90.0	90.0	90.0	89.781	89.7569	89.793	18239024.0	18227511.5	18250459.0	5302584.0	3486787.0	6257989.0	28.295	18.8994	34.3078	10.9055	5.6741	19.221	1.0	1.0	1.0	0.5006	0.5	0.501	186.0952	183.8371	189.2336	91696.0	82633.5	95331.75	0.163	0.1252	0.2277	103144.0	90427.25	107834.0	0.1111	0.0827	0.1572
PRJNA628577	36	0	Illumina NovaSeq 6000	ISR	68920725.0	65609685.0	73245205.5	68625863.0	64976068.0	72990013.5	99.3862	99.0203	99.8414	35.4023	34.8581	35.7869	0.9935	0.7115	1.3476	46.0	45.0	47.0	68.8258	67.6445	71.3182	101.0	101.0	101.0	100.0519	99.8752	100.1311	34312931.5	32488034.0	36495006.75	22160682.5	19723150.25	23410758.0	62.8387	57.835	66.7396	12.9404	11.5939	14.8675	1.0	1.0	1.0	0.0	0.0	0.0	187.6912	184.681	190.9407	105797.5	104249.75	107018.0	0.3007	0.2909	0.3035	130604.0	127681.75	132249.5	0.2152	0.207	0.2184
PRJNA630147	240	0	Illumina HiSeq 4000	ISR	49579506.0	44967742.0	54599882.5	49511176.0	44820828.5	54524635.0	99.8808	99.852	99.9006	31.4183	30.323	32.607	1.2311	1.0459	1.4091	53.5	53.0	54.5	46.0258	41.2379	52.0922	150.0	150.0	150.0	148.0841	147.8406	148.3315	24755588.0	22410414.25	27262317.5	17711232.0	16206147.0	19463626.75	72.6126	69.424	75.9594	7.3726	6.8162	7.9797	1.0	1.0	1.0	0.0	0.0	0.0	269.4042	256.409	290.9975	114522.5	110146.0	117920.5	0.3493	0.324	0.3925	141463.5	134803.0	146075.25	0.2556	0.2355	0.2926
PRJNA633918	27	0	Illumina HiSeq 2000	IU	73299636.0	68780838.0	80612102.0	73187776.0	68703210.0	80521354.0	99.8826	99.8701	99.8946	31.7164	31.2641	32.0739	0.9241	0.8838	1.0184	54.5	54.0	55.0	52.9336	51.7564	55.1179	150.0	150.0	150.0	148.5494	148.4131	148.6189	36593888.0	34351605.0	40260677.0	30751898.0	28362819.0	33301842.0	83.8539	83.114	84.4547	8.3526	8.0182	8.6616	1.0	1.0	1.0	0.4945	0.4939	0.4953	312.1835	294.0351	327.8909	126916.0	125957.5	128312.0	0.3875	0.3834	0.3957	161014.0	159817.5	162426.0	0.2887	0.2865	0.2962
PRJNA636260	12	0	Illumina NovaSeq 6000	IU	77333501.0	74357644.5	82028226.5	77321216.0	74340861.0	82012269.5	99.9841	99.9763	99.9875	29.7525	29.6744	29.9709	0.5137	0.4913	0.5506	55.0	54.875	55.0	67.2668	63.6856	69.8499	150.0	150.0	150.0	149.1099	149.0523	149.1354	38660608.0	37170430.5	41006134.75	31822762.5	30430559.0	33743483.25	82.2105	81.9712	82.4526	8.7583	8.4356	8.9779	1.0	1.0	1.0	0.5023	0.5015	0.5026	275.4247	265.3434	276.6338	104035.5	100555.5	104891.5	0.2806	0.2731	0.2836	126365.5	121434.0	127728.75	0.2029	0.1963	0.2046
PRJNA658777	21	0	NextSeq 500	ISR	38094260.0	32946254.0	46611412.0	37969686.0	32799460.0	46413182.0	99.6653	99.5747	99.6842	14.7194	14.5839	15.1429	0.9232	0.9079	0.9727	53.0	52.5	53.0	42.939	40.5553	44.84	149.8307	149.5538	149.8887	148.4869	148.3141	148.6369	18984843.0	16399730.0	23206591.0	15340118.0	12908024.0	18005080.0	79.128	77.5861	81.3128	9.0375	7.8631	9.7889	1.0	1.0	1.0	0.0	0.0	0.0	290.9299	276.3518	298.0311	118014.0	116115.0	121090.0	0.345	0.3387	0.3583	142448.0	140504.0	149129.0	0.2475	0.2421	0.2634
PRJNA666228	1	0	Illumina HiSeq 2500	ISR	177566720.0	177566720.0	177566720.0	177528272.0	177528272.0	177528272.0	99.9783	99.9783	99.9783	39.5441	39.5441	39.5441	2.111	2.111	2.111	51.5	51.5	51.5	83.2932	83.2932	83.2932	149.9151	149.9151	149.9151	146.5846	146.5846	146.5846	88764136.0	88764136.0	88764136.0	70324264.0	70324264.0	70324264.0	79.226	79.226	79.226	8.5061	8.5061	8.5061	1.0	1.0	1.0	0.0	0.0	0.0	250.4512	250.4512	250.4512	126693.0	126693.0	126693.0	0.3902	0.3902	0.3902	161291.0	161291.0	161291.0	0.2937	0.2937	0.2937
PRJNA667204	18	0	Illumina NovaSeq 6000	IU	41006399.0	38311755.0	43915485.5	40937706.0	38245657.0	43841302.5	99.8312	99.8153	99.8479	33.8638	33.8208	33.8959	0.5645	0.5483	0.5807	55.0	54.5	55.0	45.4817	44.5206	47.6128	150.0	150.0	150.0	149.0224	149.0134	149.031	20468853.0	19122828.5	21920651.25	17207058.5	16441712.75	18718599.5	84.8072	83.981	85.2531	8.5369	8.3524	9.196	1.0	1.0	1.0	0.4974	0.497	0.4979	352.1934	344.8254	356.4761	124278.0	122521.25	125084.25	0.378	0.3707	0.3853	154278.0	152046.5	155477.5	0.2769	0.271	0.2828
PRJNA681593	8	0	Illumina HiSeq 2500	IU	121768018.0	50190320.0	163356914.0	120119482.0	49442963.0	161079531.5	98.5485	98.4863	98.6053	3.1881	3.1477	3.2133	1.9526	1.895	2.0039	49.0	49.0	49.25	48.7498	39.7611	52.1823	101.0	101.0	101.0	99.487	99.4729	99.5754	60059741.0	24721481.5	80539765.75	50211642.0	20428993.0	66690324.5	82.8428	81.883	83.0809	6.4188	6.0594	6.8545	1.0	1.0	1.0	0.5022	0.5022	0.5025	157.2041	155.0756	158.1745	118890.0	113163.5	126716.75	0.3819	0.3643	0.3859	147102.0	139133.25	160060.5	0.2864	0.2702	0.2874
PRJNA691914	12	0	Illumina HiSeq 2500	ISR	51384469.0	45255512.5	54923904.5	50741563.0	44802029.5	54007687.5	99.1092	98.1611	99.3066	12.3736	12.2291	12.8699	0.6635	0.5877	0.9721	49.75	49.0	50.0	58.662	55.664	59.5316	102.5153	102.2348	102.8509	102.6782	102.4018	102.854	25370781.5	22401014.75	27003843.75	20217778.5	17966884.75	21583631.5	80.295	79.37	80.5939	9.4561	9.2071	9.9305	1.0	1.0	1.0	0.0	0.0	0.0	257.9235	246.9741	270.9008	109813.0	108293.75	111542.0	0.356	0.3458	0.3572	137306.0	135039.25	140021.0	0.268	0.2601	0.2704
PRJNA716503	2	2	Illumina HiSeq 2500	ISR	263850679.0	263850679.0	263850679.0	263531133.0	263531133.0	263531133.0	99.8789	99.8789	99.8789	38.4644	38.4644	38.4644	2.3853	2.3853	2.3853	54.5	54.5	54.5	84.3507	84.3507	84.3507	100.0	100.0	100.0	97.9021	97.9021	97.9021	131765566.5	131765566.5	131765566.5	28972736.5	28972736.5	28972736.5	21.9849	21.9849	21.9849	15.8191	15.8191	15.8191	1.0	1.0	1.0	0.0	0.0	0.0	142.0281	142.0281	142.0281	127888.5	127888.5	127888.5	0.2528	0.2528	0.2528	155515.0	155515.0	155515.0	0.1742	0.1742	0.1742
PRJNA719388	12	0	HiSeq X Ten	IU	110648935.0	109233519.0	114346902.5	110570763.0	109131210.0	114207686.5	99.9213	99.8851	99.9273	34.6427	34.3365	35.0616	1.1577	1.0759	1.3092	51.0	51.0	52.0	58.3	53.7955	63.9104	150.0	150.0	150.0	148.0559	147.8738	148.1889	55285381.5	54565605.0	57103843.25	30607861.0	27878949.0	32076479.0	54.4793	51.1277	58.2686	20.9888	20.06	23.8346	1.0	1.0	1.0	0.4982	0.4974	0.4985	252.4752	246.3894	256.7684	129606.5	122203.25	135846.75	0.3213	0.2985	0.3506	164395.5	154654.75	172843.0	0.2324	0.2142	0.2582
PRJNA719604	18	0	Illumina HiSeq 2500	IU	70836200.0	69620646.0	71105919.5	70828939.0	69613052.5	71097446.0	99.9892	99.9881	99.99	34.8256	34.805	34.9426	0.4517	0.4461	0.4599	51.25	51.0	52.0	52.0808	50.38	52.8556	150.0	150.0	150.0	149.0147	148.994	149.0229	35414469.5	34806526.25	35548723.0	29416377.0	28715191.5	29570903.5	83.0713	82.6098	83.5637	8.277	7.9848	8.4355	1.0	1.0	1.0	0.4996	0.4985	0.5009	285.0203	282.3251	287.8589	121654.0	115464.5	126745.0	0.3423	0.3136	0.3635	154281.0	145795.5	161631.5	0.2551	0.2347	0.2684
PRJNA723212	18	0	Illumina NovaSeq 6000	IU	60503198.0	57444240.5	61910375.5	60445849.0	57397307.0	61869786.0	99.9278	99.9098	99.9387	34.1146	34.0468	34.1509	0.4547	0.4422	0.4674	54.0	53.0	54.0	49.0595	47.0658	50.7726	149.6613	149.5567	149.7372	148.2711	148.1832	148.3851	30222924.5	28698653.5	30934893.0	23752238.5	23098296.0	25543970.5	80.5381	79.5271	82.3163	9.5953	7.9301	9.9858	1.0	1.0	1.0	0.4963	0.4959	0.4967	284.9629	280.644	288.1168	124659.0	119509.75	128740.25	0.3902	0.3763	0.4045	157328.0	151105.0	162037.5	0.295	0.2847	0.3049
PRJNA723681	10	0	Illumina HiSeq 2500	IU	35895185.0	33901842.0	44988823.5	35891579.0	33898203.5	44983842.0	99.9889	99.9884	99.9897	32.8317	32.4002	33.687	0.9208	0.8994	0.9831	53.0	52.0	53.0	42.9405	42.0437	45.0498	150.0	150.0	150.0	148.4648	148.351	148.4931	17945789.5	16949101.75	22491921.0	15130555.0	14490625.0	18912384.0	83.2314	82.6905	84.6902	7.93	7.2934	8.2192	1.0	1.0	1.0	0.5009	0.5007	0.5013	240.2331	236.5156	242.1559	112014.5	110284.0	117035.0	0.3952	0.3833	0.4002	137404.5	134983.25	144810.75	0.2963	0.2867	0.3031
PRJNA730638	8	0	Illumina NovaSeq 6000	IU	45558430.0	44675258.5	46789176.5	45556838.0	44670991.5	46787477.5	99.9964	99.995	99.9966	30.7386	30.5046	31.6391	0.3559	0.3526	0.37	53.0	53.0	54.0	52.8183	49.3845	54.7271	150.0	150.0	150.0	149.284	149.2403	149.2939	22778419.0	22335495.75	23393738.75	19432480.5	18793394.75	20060673.0	85.1898	84.0744	86.2647	7.7875	7.4975	8.0328	1.0	1.0	1.0	0.5004	0.4979	0.5013	322.5833	321.1435	325.5683	113562.5	110667.0	114739.25	0.3507	0.3408	0.3594	140481.0	136792.25	141798.25	0.2611	0.2471	0.2649
PRJNA735861	12	0	Illumina HiSeq 4000	IU	53264651.0	52143195.5	55547117.5	53222780.0	52097800.5	55505014.0	99.9194	99.914	99.9254	34.7837	34.6169	34.9688	1.4066	1.3314	1.4661	51.0	51.0	52.0	48.8342	47.7248	50.9319	151.0	151.0	151.0	149.0095	148.9092	149.1142	26611390.0	26048900.25	27752507.0	19666877.0	18780158.0	20192919.25	73.1804	69.5739	76.5987	8.075	7.6788	8.4959	1.0	1.0	1.0	0.5015	0.501	0.5017	285.9908	283.8376	292.1865	118964.0	117950.75	119574.25	0.3862	0.3847	0.3921	149151.5	148334.25	150142.0	0.2912	0.2906	0.2963
PRJNA753664	1	1	Illumina NovaSeq 6000	IU	5459126.0	5459126.0	5459126.0	5454654.0	5454654.0	5454654.0	99.9181	99.9181	99.9181	37.4196	37.4196	37.4196	1.102	1.102	1.102	53.0	53.0	53.0	95.2757	95.2757	95.2757	161.0	161.0	161.0	159.4247	159.4247	159.4247	2727327.0	2727327.0	2727327.0	39.0	39.0	39.0	0.0014	0.0014	0.0014	0.0029	0.0029	0.0029	1.0	1.0	1.0	0.375	0.375	0.375	232.1287	232.1287	232.1287	13.0	13.0	13.0	0.0001	0.0001	0.0001	13.0	13.0	13.0	0.0	0.0	0.0
PRJNA755736	15	0	Illumina HiSeq 2000	ISR	30309208.0	25886482.0	35048624.0	29479158.0	24944413.0	33188672.0	96.7933	95.8297	97.3315	32.6308	32.2319	32.8404	3.8654	3.2329	4.8197	50.0	49.5	50.5	51.9366	47.3548	54.6018	48.0	48.0	48.0	47.2803	47.2758	47.2834	14739579.0	12472206.5	16594336.0	12403713.0	10467120.0	13915792.0	84.4931	83.7287	84.7463	3.4792	3.4318	3.6232	1.0	1.0	1.0	0.0	0.0	0.0	215.423	211.7933	219.3378	106937.0	104979.5	110588.0	0.3407	0.3334	0.3547	123793.0	120736.0	129715.5	0.2395	0.236	0.2508
PRJNA756291	1	0	Illumina HiSeq 3000	IU	40694564.0	40694564.0	40694564.0	40648324.0	40648324.0	40648324.0	99.8864	99.8864	99.8864	29.6714	29.6714	29.6714	0.8896	0.8896	0.8896	57.0	57.0	57.0	56.6461	56.6461	56.6461	151.0	151.0	151.0	149.7845	149.7845	149.7845	20324162.0	20324162.0	20324162.0	15494067.0	15494067.0	15494067.0	76.2347	76.2347	76.2347	10.4129	10.4129	10.4129	1.0	1.0	1.0	0.4984	0.4984	0.4984	294.7228	294.7228	294.7228	82324.0	82324.0	82324.0	0.1953	0.1953	0.1953	94692.0	94692.0	94692.0	0.139	0.139	0.139
PRJNA766098	10	0	Illumina HiSeq 2500	IU	68225847.0	63751444.5	70928190.0	68215613.0	63736009.5	70912721.0	99.979	99.9776	99.9815	31.3248	30.788	31.4334	1.0314	0.9546	1.1175	56.5	56.0	58.0	54.9295	53.7137	55.9771	150.0	150.0	150.0	148.3363	148.2333	148.455	34107806.5	31868004.75	35456360.5	29012789.0	26568778.5	29820638.75	83.9435	83.6944	84.3283	7.9815	7.6708	8.1819	1.0	1.0	1.0	0.5034	0.503	0.5041	296.075	292.7694	302.3422	125580.0	125076.75	126803.0	0.3692	0.3626	0.3719	155328.0	154123.25	156629.75	0.2728	0.2658	0.2744
PRJNA770031	24	2	Illumina HiSeq 2500	ISR	89166682.0	80315992.5	96362984.5	88907738.0	79932840.0	95225946.0	99.6549	99.4458	99.8086	36.1765	35.4507	36.6934	1.3634	1.149	1.637	48.0	47.0	49.0	65.7522	55.1425	68.2253	100.0	100.0	100.0	99.0676	98.9117	99.1764	44453869.0	39966420.0	47612973.0	18495561.0	17154871.5	19831648.75	42.4616	41.0646	44.0434	11.1037	10.0637	13.371	1.0	1.0	1.0	0.0	0.0	0.0	162.3834	158.8761	166.0169	96994.0	85463.75	113613.25	0.2545	0.2293	0.3214	114158.0	99412.0	138237.5	0.1814	0.1613	0.2363
PRJNA776107	30	0	Illumina HiSeq 2500	IU	63588907.0	59919133.0	70087185.5	63488313.0	59836543.0	69994620.5	99.8668	99.854	99.8802	34.1422	34.0694	34.2551	0.5044	0.4888	0.514	54.0	53.0	55.0	63.2589	62.1596	64.4598	150.211	150.158	150.2637	148.796	148.7648	148.8715	31744156.5	29918271.5	34997310.25	24745117.0	22654757.5	27315727.0	77.0191	72.875	79.0533	9.3313	8.892	9.8177	1.0	1.0	1.0	0.5017	0.5006	0.5021	286.7257	283.1945	290.0467	118384.5	107278.0	126442.5	0.3583	0.3291	0.3956	149022.0	133753.25	160043.25	0.2741	0.2536	0.3031
PRJNA778336	9	2	Illumina HiSeq 4000	ISR	148522938.0	127818084.0	163784544.0	148318752.0	127435220.0	163609408.0	99.8625	99.8547	99.8693	41.2111	40.8002	41.6917	2.6434	2.5481	2.7655	50.0	49.0	51.0	70.9863	64.4531	82.0009	150.0	150.0	150.0	145.9997	145.9248	146.1568	74159376.0	63717610.0	81804704.0	26114810.0	21650540.0	30173596.0	37.4112	33.9789	41.2858	25.0138	21.6975	27.4044	1.0	1.0	1.0	0.0	0.0	0.0	221.4822	219.1383	230.2565	131537.0	128335.0	132661.0	0.3675	0.3561	0.372	167921.0	162066.0	170273.0	0.2613	0.2517	0.2735
PRJNA780178	36	0	Illumina NovaSeq 6000	IU	60612925.0	57314809.5	63300105.0	60329901.0	57044133.0	63102724.5	99.6435	99.4826	99.7492	30.8882	30.6511	31.481	0.8906	0.7925	1.0357	54.0	53.5	55.0	54.5633	53.6029	56.322	150.0	150.0	150.0	148.7758	148.7044	148.8967	30164950.5	28522066.5	31551362.25	24458918.0	23078565.25	26104597.0	81.5467	80.3319	83.0588	9.0973	8.287	9.6391	1.0	1.0	1.0	0.5003	0.4996	0.5006	319.9529	314.2957	332.5068	115900.0	114779.0	117212.0	0.3483	0.34	0.3532	145708.5	144425.25	147357.0	0.2599	0.2523	0.2652
PRJNA787323	10	0	Illumina NovaSeq 6000	IU	64567630.0	57771952.5	66887679.5	64561557.0	57754247.0	66876269.0	99.9901	99.9643	99.9903	28.9358	28.6556	29.0897	0.7951	0.7416	0.8247	59.0	59.0	59.75	59.9543	58.672	60.8408	150.0	150.0	150.0	148.7241	148.6778	148.8157	32280778.5	28877123.5	33438134.5	27522454.5	24316759.5	28448584.5	85.8003	85.0837	86.769	7.5926	7.1417	7.8794	1.0	1.0	1.0	0.4976	0.4972	0.4983	286.2823	279.0549	289.041	120487.0	118357.25	123444.25	0.3537	0.3405	0.3594	148112.0	142897.25	151292.0	0.2623	0.2511	0.2651
PRJNA793161	18	0	Illumina HiSeq 2500	ISR	48038503.0	47184180.5	49196042.5	48036545.0	47182095.0	49193916.5	99.9957	99.9956	99.9959	31.9401	31.7634	32.0399	0.4155	0.4113	0.422	52.25	52.0	52.5	47.5568	47.0975	48.2074	140.4326	139.9769	140.6486	139.382	138.945	139.6072	24018272.5	23591047.5	24596958.25	20075316.5	19636024.0	20398677.0	83.0754	79.3302	84.7139	6.9134	6.265	8.9174	1.0	1.0	1.0	0.0	0.0	0.0	177.2975	175.479	178.8799	132013.5	127217.25	134361.25	0.4479	0.4314	0.4548	162319.0	157357.0	165739.0	0.3357	0.3279	0.3403
PRJNA805530	12	0	Illumina HiSeq 2500	IU	59000822.0	57102988.5	63156173.5	58993236.0	57097344.0	63149234.0	99.988	99.9868	99.9893	31.3507	30.8634	31.9341	0.5811	0.5397	0.627	53.0	51.75	54.0	50.0005	48.8022	51.2005	150.0	150.0	150.0	148.9728	148.9087	149.03	29496618.0	28548672.0	31574617.0	23880822.5	22899572.5	25060140.75	80.6427	79.7388	81.3909	8.9991	8.512	9.6162	1.0	1.0	1.0	0.5029	0.5026	0.5031	262.9433	261.5856	268.3499	118630.5	117546.5	120238.75	0.3754	0.372	0.3868	148931.0	147020.0	150677.0	0.2808	0.2781	0.2911
PRJNA808768	10	0	Illumina HiSeq 2500	IU	58158363.0	55278559.0	63628319.0	58092038.0	55206999.0	63547309.0	99.8765	99.8714	99.8819	33.3832	32.9582	33.5097	0.881	0.8757	0.9018	50.0	50.0	51.0	46.8905	46.709	48.3884	150.0	150.0	150.0	148.5682	148.5291	148.5722	29046019.0	27603499.5	31773654.5	22863470.5	21805760.0	25073133.25	78.9381	78.4909	79.0777	9.403	9.2861	9.5513	1.0	1.0	1.0	0.5021	0.502	0.5022	298.3702	290.9258	299.9767	105268.0	104763.5	106274.75	0.3277	0.3231	0.3294	129595.0	129018.25	131390.75	0.244	0.2401	0.2455
PRJNA811175	18	1	Illumina HiSeq 2500	IU	123612099.0	88611394.0	200509984.0	113449772.0	81267426.5	178472321.5	91.376	86.7287	93.7532	35.0964	34.3933	35.6585	8.0073	6.0733	12.1156	43.5	43.125	44.0	51.486	39.6288	55.3885	50.0	50.0	50.0	48.9029	48.6881	49.0571	56724886.0	40633713.25	89236160.75	47108158.5	33211275.25	72827146.5	83.1345	81.1882	83.646	4.3282	4.0708	4.5496	1.0	1.0	1.0	0.5067	0.506	0.5081	169.998	167.7605	172.9079	114020.5	110053.75	117583.25	0.3202	0.3008	0.3428	141167.0	135485.25	148562.25	0.2322	0.214	0.2534
PRJNA824938	6	0	Illumina HiSeq 2500	IU	196304266.0	187798066.0	208496260.0	195273865.0	186908194.0	206863642.0	99.4964	99.4534	99.5196	33.1876	32.845	33.2407	1.2907	1.282	1.3596	52.0	52.0	52.75	60.3447	59.356	60.8246	150.0	150.0	150.0	148.2147	148.1362	148.2772	97636932.5	93454097.0	103431821.0	77125476.5	72653347.25	79313210.0	77.3635	77.3158	78.5467	11.4563	10.7749	11.7725	1.0	1.0	1.0	0.5014	0.5012	0.5017	308.312	307.2	309.3569	137667.5	136761.75	138607.0	0.4081	0.4061	0.4125	183382.0	182063.5	184621.75	0.3101	0.3089	0.3119
PRJNA835339	5	0	Illumina HiSeq 2500	IU	73728280.0	73632190.0	76135996.0	73678922.0	73582592.0	76087954.0	99.9331	99.9326	99.9369	30.6699	30.2112	30.9767	0.7793	0.7788	0.7819	54.0	54.0	56.0	57.1954	52.6489	57.5822	150.0	150.0	150.0	148.7395	148.7181	148.7572	36839461.0	36791296.0	38043977.0	32190967.0	31414564.0	32598063.0	85.3859	85.2366	85.6852	7.1202	6.7768	7.2048	1.0	1.0	1.0	0.5005	0.5004	0.5005	329.0001	326.445	330.081	109720.0	109078.0	111625.0	0.3028	0.2793	0.3041	133587.0	132730.0	135924.0	0.2139	0.1995	0.2214
PRJNA848385	12	0	Illumina HiSeq 2500	IU	61124870.0	59341464.0	62574775.0	61117888.0	59333679.5	62566023.5	99.9879	99.9868	99.9888	31.5038	31.2167	31.8566	0.5897	0.5672	0.6318	53.0	52.0	53.125	50.0109	48.1744	50.9809	150.0	150.0	150.0	148.9478	148.898	148.9938	30558944.0	29666839.75	31283011.75	24533379.5	23862330.5	25052148.25	80.4227	79.7243	80.9978	9.158	8.9159	9.6162	1.0	1.0	1.0	0.5027	0.5024	0.503	262.0732	257.995	267.4888	118626.0	117785.75	120528.5	0.3758	0.3709	0.3858	149857.5	147432.5	151070.5	0.2818	0.2788	0.2907
PRJNA848400	12	0	Illumina HiSeq 2500	IU	58631830.0	57102988.5	60675335.5	58624862.0	57097344.0	60668349.5	99.9885	99.9878	99.9896	31.4562	30.8174	31.679	0.5877	0.5435	0.6087	53.0	52.0	53.625	49.862	48.4652	50.9928	150.0	150.0	150.0	148.9689	148.9177	149.0185	29312431.0	28548672.0	30334174.75	23629590.0	22498559.25	24277067.25	80.5138	79.9489	81.4326	8.6653	8.512	9.6504	1.0	1.0	1.0	0.503	0.5026	0.5031	265.9282	261.7906	269.5209	117994.0	117129.75	120079.75	0.381	0.372	0.3834	148391.0	146952.75	151111.75	0.2859	0.2781	0.2892
PRJNA866695	3	0	HiSeq X Ten	IU	139523012.0	139523012.0	139523012.0	139155984.0	139155984.0	139155984.0	99.7369	99.7369	99.7369	32.7842	32.7842	32.7842	1.1446	1.1446	1.1446	53.0	53.0	53.0	64.5917	64.5917	64.5917	150.0	150.0	150.0	148.3508	148.3508	148.3508	69577992.0	69577992.0	69577992.0	56742610.0	56742610.0	56742610.0	82.0033	82.0033	82.0033	9.3017	9.3017	9.3017	1.0	1.0	1.0	0.5011	0.5011	0.5011	246.1562	246.1562	246.1562	128341.0	128341.0	128341.0	0.3689	0.3689	0.3689	165435.0	165435.0	165435.0	0.2716	0.2716	0.2716
PRJNA882367	4	0	Illumina HiSeq 2000	IU	34104087.0	32082706.5	35286165.5	33186463.0	31222724.5	34338780.5	97.31	97.2345	97.3893	28.2612	28.0854	28.4788	12.2051	12.005	12.586	52.0	51.75	52.0	41.5595	39.4929	44.0304	100.0	100.0	100.0	89.4349	89.1066	89.6429	16593231.5	15611362.25	17169390.25	13793251.5	12958739.75	14294269.25	83.1209	82.6691	83.661	7.7777	7.3407	8.289	1.0	1.0	1.0	0.4988	0.4986	0.4991	192.0878	188.0621	197.0453	107289.0	106277.5	108792.25	0.3005	0.2955	0.3122	128808.5	127162.0	130882.25	0.2175	0.2142	0.2266
PRJNA884509	125	0	Illumina HiSeq 2500	IU	32112744.0	28120508.0	36644572.0	32076432.0	28084954.0	36578468.0	99.8129	99.7405	99.8761	34.7248	32.7528	36.1842	2.4747	1.9978	2.8712	52.0	51.0	54.0	43.5239	39.0309	47.3188	150.0	150.0	150.0	145.98	145.4505	146.5251	16038216.0	14042477.0	18289234.0	13105296.0	11421204.0	14884966.0	82.0505	80.6077	83.3368	8.552	7.5715	9.3832	1.0	1.0	1.0	0.5007	0.4996	0.5015	237.0313	226.4501	249.9731	98676.0	96160.0	101867.0	0.3138	0.2921	0.3226	120374.0	115928.0	124290.0	0.2366	0.2177	0.2454
PRJNA885747	12	0	Illumina NovaSeq 6000	IU	45523731.0	44084879.5	46813266.5	45521394.0	44079689.5	46810299.5	99.9947	99.9887	99.995	31.301	30.7921	34.2005	0.3893	0.3799	0.4255	52.0	51.75	52.0	45.7133	43.3912	47.6344	150.0379	149.901	150.1275	148.7369	148.6368	148.8003	22760697.0	22039844.75	23405149.75	16884841.5	14513811.5	17470340.5	72.5995	69.8462	75.6323	9.9588	9.7896	10.3344	1.0	1.0	1.0	0.491	0.4902	0.4916	336.1264	324.498	351.1488	122478.5	120508.25	124786.75	0.4127	0.4099	0.4171	151430.5	149045.0	154691.75	0.3128	0.3091	0.3148
PRJNA893415	24	1	Illumina NovaSeq 6000	IU	77525594.0	74574808.0	95776342.5	77214838.0	74256870.0	95564170.5	99.7543	99.6487	99.8843	32.9485	32.5101	33.6081	1.3717	1.1614	1.6462	55.0	54.0	56.0	64.1319	59.6283	67.8956	150.0	150.0	150.0	147.9688	147.6403	148.1582	38607419.0	37128435.0	47782085.25	25683209.5	21565221.25	32886757.0	63.0959	55.8333	75.3455	20.7843	13.6175	27.945	1.0	1.0	1.0	0.504	0.5031	0.5042	340.0999	329.308	357.867	110779.5	104627.75	121991.0	0.2999	0.2768	0.3433	138283.0	126086.75	155041.75	0.2239	0.1984	0.2546
PRJNA910309	30	1	Illumina NovaSeq 6000	ISR	48511033.0	44434539.5	51205788.0	48339626.0	44304811.0	51091844.5	99.7854	99.6929	99.7952	37.3519	36.4476	37.8854	1.2457	1.164	1.4016	51.0	50.5	51.5	64.7083	62.7357	67.6191	139.2089	139.1122	139.2861	138.1916	137.9509	138.3456	24169813.0	22152405.5	25545922.25	17631182.0	16555555.25	19980457.0	78.101	74.0816	80.9296	11.0302	9.7399	13.1282	1.0	1.0	1.0	0.0	0.0	0.0	213.6632	205.252	217.6091	98613.5	95157.0	100982.5	0.2928	0.2722	0.3039	119729.0	114597.75	123462.5	0.2162	0.2011	0.2254
PRJNA910660	30	0	Illumina NovaSeq 6000	IU	63801368.0	61846771.0	72928213.5	63792039.0	61836454.0	72917018.0	99.9849	99.983	99.987	31.0156	30.4624	31.154	0.7345	0.6672	0.7619	54.0	53.25	55.0	54.0172	51.0321	55.9732	150.0	150.0	150.0	148.7522	148.7039	148.8581	31896019.5	30918227.0	36458509.0	26398650.5	24100606.5	29292193.5	80.6807	78.0276	83.2491	8.245	7.7522	8.8564	1.0	1.0	1.0	0.501	0.5005	0.5038	269.5272	264.9893	279.7261	121045.0	115992.0	131311.75	0.3672	0.3484	0.4042	150973.5	145171.0	163062.25	0.2712	0.2539	0.2979
PRJNA911338	12	1	Illumina NovaSeq 6000	IU	66154705.0	63343349.0	71707045.0	66094214.0	63330005.0	71693948.0	99.9827	99.973	99.9857	31.4787	31.1484	32.0232	0.7187	0.6376	0.7669	53.0	52.0	54.0	59.4094	53.7217	62.6228	150.0	150.0	150.0	148.8496	148.7097	148.9179	33047107.0	31665002.5	35846974.0	24119082.5	21831291.5	27489469.0	71.9913	69.4801	76.0907	4.5668	4.139	7.0956	1.0	1.0	1.0	0.5023	0.5012	0.5025	267.9595	261.6277	274.2558	101374.5	85685.5	108611.75	0.3084	0.274	0.3251	118551.0	100012.5	134330.25	0.2216	0.1955	0.2426
PRJNA912140	30	1	Illumina NovaSeq 6000	IU	82516544.0	74063136.0	89083091.5	82509117.0	74060952.5	89079908.5	99.9924	99.9915	99.9963	34.4856	31.891	34.5901	0.3809	0.3543	0.3875	53.0	52.0	53.0	46.6215	43.9412	53.397	150.0	150.0	150.0	149.1667	149.1478	149.2368	41254558.5	37030476.25	44539954.25	30555721.0	26525714.25	34499038.5	78.6479	71.2488	81.5179	9.7359	9.0195	16.5598	1.0	1.0	1.0	0.5127	0.5117	0.5146	306.7612	290.3223	315.1811	123371.0	117451.5	126445.75	0.3408	0.3121	0.3671	159044.0	146327.5	163844.75	0.2497	0.2281	0.2723
PRJNA937025	5	0	Illumina HiSeq 1500	IU	57688868.0	48490158.0	58145852.0	57412288.0	48312552.0	57830830.0	99.6337	99.5206	99.6766	32.7104	32.2339	33.6379	1.0983	0.9488	1.1608	54.0	52.0	54.0	73.4064	52.7784	82.3574	150.0	150.0	150.0	148.4751	148.4636	148.6482	28706144.0	24156276.0	28915415.0	19716417.0	19489668.0	21457420.0	80.6816	74.2075	82.0703	8.8564	8.8208	8.8585	1.0	1.0	1.0	0.5016	0.5012	0.5019	239.8135	239.3243	242.8077	103565.0	101479.0	119289.0	0.3762	0.3635	0.3792	121081.0	115391.0	144892.0	0.2689	0.2666	0.2708
PRJNA955119	6	0	Illumina NovaSeq 6000	IU	250823654.0	236088417.0	269643455.5	250739757.0	236018807.5	269557353.5	99.968	99.9669	99.9704	32.5078	32.2653	32.8063	0.5656	0.5459	0.5725	51.0	50.25	51.0	62.8213	61.7606	63.5437	150.0	150.0	150.0	149.0145	148.9973	149.0472	125369878.5	118009403.75	134778676.75	98056859.0	96843881.0	105398570.75	79.6069	76.7725	80.6677	10.4667	9.8824	11.8	1.0	1.0	1.0	0.4936	0.4924	0.494	313.3223	311.0738	317.6476	147765.5	143913.25	148188.75	0.4363	0.4159	0.4379	196744.0	190460.75	197327.25	0.3242	0.3122	0.3271
PRJNA974890	40	12	Illumina HiSeq 2500	IU	55086193.0	51640223.0	58630816.0	55080473.0	51633975.0	58624087.0	99.9899	99.9879	99.9962	34.0552	29.7276	34.5337	0.4345	0.3743	0.45	54.0	44.0	54.625	48.162	46.1891	49.7818	150.1491	150.0919	150.195	148.7543	148.6877	148.9575	27540236.5	25816987.5	29312043.5	22488658.0	575412.0	24129932.75	80.2741	2.3559	82.5333	8.498	3.5065	9.2786	1.0	1.0	1.0	0.5117	0.5105	0.5166	346.1211	325.1568	356.1199	117041.5	46919.0	120641.5	0.3471	0.2155	0.3577	145225.5	49322.5	150158.5	0.2562	0.1469	0.2676
